name,RealName,Color,Borderless,Rarity,Type,Subtype,Might,Rations,Movement,Up,Down,Left,Right,UR,UL,DR,DL,Ability,SetNum,Rand,Flavor,quantity
1,"Son of Arvada, Personal Guard",Yellow,N,C,Soldier,Knight,4,2,^v<>Y,TRUE,TRUE,TRUE,TRUE,TRUE,TRUE,FALSE,FALSE,"As long as this Soldier is adjacent to your General, whenever your General is in a Battle, add this Soldier’s Might to it. ",1,0.31320390580467,,1
2,Ser Banyon,Green,N,C,Soldier,Knight,5,2,^v<>X,TRUE,TRUE,TRUE,TRUE,TRUE,TRUE,TRUE,TRUE,Any Soldier on the opposite side of Ser Banyon from the closest enemy cannot be attacked. ,2,0.128173752631608,"“I will protect, I will defend, you and me, we are here until the end.”",1
3,Injection of Funds,Blue,N,U,Support,,,3,,FALSE,FALSE,FALSE,FALSE,FALSE,FALSE,FALSE,FALSE,Gain Rations equal to the number of cards you control.,3,0.301131373434228,,1
4,Kingkiller Vodd,Red,N,R,General,G1,13,5,^v<>X,TRUE,TRUE,TRUE,TRUE,TRUE,TRUE,TRUE,TRUE,Roll a d6: 1-2 - This card moves forward until a Battle is initiated or it is stopped. 3-4 - This card gains +1M. 5-6 - This card is moved to any open space adjacent to an enemy General and initiates a battle.,4,0.542245951966612,,1
5,"Vodd, Tamed",Red,N,R,General,G2,10,4,^v<>X,TRUE,TRUE,TRUE,TRUE,TRUE,TRUE,TRUE,TRUE,Roll a d6: 1-3 - Generate 3R. 4-5 - Vodd fights all Soldier cards adjacent to him. 6 - Vodd returns to Kingkiller Vodd.,5,0.614183321253474,,1
6,Rampaging Demigod Vodd,Red,Y,R,General,G3,15,6,^v<>X,TRUE,TRUE,TRUE,TRUE,TRUE,TRUE,TRUE,TRUE,"Roll a d6: 1-5 - Rampaging Demigod Vodd gains 2M. 6 - You may sacrifice any number of soldier cards in your hand or on the battlefield, if you do, Rampaging Demigod Vodd gains XM where X is equal to the greatest M of cards sacrificed.",6,0.228373754369351,,1
7,"Rupert, Flag Bearer",Yellow,N,U,Soldier,Squire,2,1,^v<>,TRUE,TRUE,TRUE,TRUE,FALSE,FALSE,FALSE,FALSE,"When Rupert, Flag Bearer enters the battlefield, choose a direction, any Soldier card in that direction from Rupert, Flag Bearer gains +1M.",7,0.679948790407733,,1
8,Failed Insurrection,Yellow,N,R,Support,,,X,,FALSE,FALSE,FALSE,FALSE,FALSE,FALSE,FALSE,FALSE,"Pay X Rations, Sacrifice X Soldiers, and your General gains XM.",8,0.360298209778373,"“Some Soldiers agree with their General, others… well… don’t.”",1
9,"Putyr, Viero, and Shara Vallobranch",Brown,N,R,General,G1,10,4,^v<>X,TRUE,TRUE,TRUE,TRUE,TRUE,TRUE,TRUE,TRUE,"Roll a D6: 1-2 - Generate 3 Rations. 3-4 - Until your next turn, you are incapable of losing Rations. 5-6 You get another Action Phase before your turn ends.",9,0.889752478794102,,1
10,Viero and Shara,Brown,N,R,General,G2,10,4,^v<>X,TRUE,TRUE,TRUE,TRUE,TRUE,TRUE,TRUE,TRUE,Roll a d6: 1-3 - Steal 5 Rations from an opponent. 4-6 - Gain X Rations where X is equal to the amount of soldier cards you control that don’t have any of your soldier cards adjacent to it.,10,0.9785148692565,,1
11,"Shara, The Lone Branch",Brown,Y,R,General,G3,10,4,^v<>X,TRUE,TRUE,TRUE,TRUE,TRUE,TRUE,TRUE,TRUE,"Roll a d6: 1-3 - Until end of turn, create a copy of this card and gain another Action Phase before the end of your turn. 4-5 - You may band or disband any wall for free. - 6 - Shara gains Might equal to the amount of rations you own.",11,0.561972412911725,,1
12,Dishonorable Discharge,Green,N,C,Support,,,1,,FALSE,FALSE,FALSE,FALSE,FALSE,FALSE,FALSE,FALSE,Sacrifice a Soldier you control.,12,0.140295178257325,,1
13,Honorable Discharge,Yellow,N,C,Support,,,2,,FALSE,FALSE,FALSE,FALSE,FALSE,FALSE,FALSE,FALSE,"Sacrifice a Soldier you control. On your next turn, gain 1 additional Action during your Action Phase.",13,0.554874436842399,,1
14,Jacques,Red,N,R,Soldier/Arms,,1,1,^v<>X,TRUE,TRUE,TRUE,TRUE,TRUE,TRUE,TRUE,TRUE,Partner 1 - That Soldier can move an extra space in any direction.,14,0.20331959166476,“Come with me! Huzzah! We can swing together!”,1
15,Roques,Green,N,L,Soldier,Knight,7,3,^v<>Y,TRUE,TRUE,TRUE,TRUE,TRUE,TRUE,FALSE,FALSE,Roques doubles the effect of all your General’s Will Phase results.,15,0.256949362469325,,1
16,Ethical Soldier,Brown,N,U,Soldier,Knight,6,2,^v<>,TRUE,TRUE,TRUE,TRUE,FALSE,FALSE,FALSE,FALSE,You may play a support card from your Graveyard for free whenever this card enters a Battle.,16,0.36964428876613,,1
17,Pack of Hounds,Blue,N,C,Soldier,Animal,4,2,^Y,TRUE,FALSE,FALSE,FALSE,TRUE,TRUE,FALSE,FALSE,Pack of hounds gains +1M when fighting a wall.,17,0.377589159261013,,1
18,Teserio the Mage,Brown,N,C,Soldier,Arcano,8,3,<>Y,FALSE,FALSE,TRUE,TRUE,TRUE,TRUE,FALSE,FALSE,This card can initiate ranged combat from up to 3 spaces away.,18,0.0411972462359813,,1
19,Sturdy Phalanx,Blue,N,U,Support,,,4,,FALSE,FALSE,FALSE,FALSE,FALSE,FALSE,FALSE,FALSE,"If you control a wall, you may move one Soldier you control to an empty space behind it for free. ",19,0.868541954907063,,1
20,Battle Owl,Green,N,U,Soldier,Animal,3,1,^v<>X,TRUE,TRUE,TRUE,TRUE,TRUE,TRUE,TRUE,TRUE,This card can be placed anywhere on the Battlefield.,20,0.106740554309913,,1
21,Expensive Armor,Green,N,C,Arms,,,5,,FALSE,FALSE,FALSE,FALSE,FALSE,FALSE,FALSE,FALSE,Partner 1 - Equipped Soldier gains +5M but can no longer move.,21,0.378073827217683,"“Yes all the fitments are diamond encrusted, how did you know?”",1
22,War Horse,Red,N,C,Soldier,Animal,3,1,^Y,TRUE,FALSE,FALSE,FALSE,TRUE,TRUE,FALSE,FALSE,"Partner 2 - When War Horse is Partnered to another Soldier card, that soldier can move an extra 3 spaces forward.",22,0.482568558172823,,1
23,Valuable Prisoner,Brown,N,R,Support,,,6,,FALSE,FALSE,FALSE,FALSE,FALSE,FALSE,FALSE,FALSE,Target Soldier card cannot move.,23,0.799129054103308,,1
24,Necrokane,Blue,N,C,Soldier,Arcano,3,1,^v<>,TRUE,TRUE,TRUE,TRUE,FALSE,FALSE,FALSE,FALSE,"If a soldier you control dies adjacent to Necrokane, on your next turn and for 1 turn, you may bring that soldier back to the battlefield on an empty space on your side.",24,0.403266810706265,,1
25,Double Up,Blue,N,C,Support,,,2,,FALSE,FALSE,FALSE,FALSE,FALSE,FALSE,FALSE,FALSE,Draw a card.,25,0.0629660569433402,,1
26,Tempted Traitor,Purple,N,U,Soldier,Knight,2,1,^v,TRUE,TRUE,FALSE,FALSE,FALSE,FALSE,FALSE,FALSE,"If Tempted Traitor is adjacent to an enemy soldier for 2 turns, Your opponent takes control of Tempted Traitor.",26,0.931487046812465,,1
27,Ser Indric,Green,N,R,General,G1,10,4,^v<>X,TRUE,TRUE,TRUE,TRUE,TRUE,TRUE,TRUE,TRUE,"Roll a d6: 1-3 - Play a Soldier Card from your hand for free, 4-5 - Form a wall for free, 6 - All Soldier cards on your side of the battlefield must Give Ground.",27,0.752469217206426,,1
28,Ser Indric’s Victory,Green,N,R,General,G2,10,4,^v<>X,TRUE,TRUE,TRUE,TRUE,TRUE,TRUE,TRUE,TRUE,"Roll a d6: 1-3 - Play a support card from your hand for free. 4-5 - On your next turn, target 1 wall you control, it can move 3 for free for that turn. 6 - All of your opponents cards must give ground.",28,0.442870238223425,,1
29,"Indric Puratta, the World is His",Green,Y,R,General,G3,15,6,^v<>X,TRUE,TRUE,TRUE,TRUE,TRUE,TRUE,TRUE,TRUE,"Roll a d6: 1-3 - Sacrifice 3R. 4-5 - You gain control of target enemy soldier card and place it anywhere adj to this card. 6 - If this card loses a battle to a wall, revert to G2 instead of losing the game.",29,0.81015654769706,,1
30,Armistice,Purple,N,U,Support,,,6,,FALSE,FALSE,FALSE,FALSE,FALSE,FALSE,FALSE,FALSE,All soldiers and generals give ground.,30,0.115351624778908,,1
31,Squire Moveux,Yellow,N,C,Soldier,Squire,1,1,^<>Y,TRUE,FALSE,TRUE,TRUE,TRUE,TRUE,FALSE,FALSE,This card cannot give ground. This card cannot be controlled by any other player besides it’s original owner. ,31,0.710390409593415,,1
32,Assassinate,Purple,N,R,Support,,,10,,FALSE,FALSE,FALSE,FALSE,FALSE,FALSE,FALSE,FALSE,"Sacrifice 2 Soldiers you control, Kill enemy General.",32,0.53575458276721,,1
33,"Ymra, Barbarica",Yellow,N,R,General,G1,10,4,^v<>X,TRUE,TRUE,TRUE,TRUE,TRUE,TRUE,TRUE,TRUE,"Roll a d6: 1-2 - Choose any number of Allies, they may give ground. 3-4 - All cards you control gain 1M. 5-6 - Opponent must sacrifice 1 card from their hand or the Battlefield.",33,0.243828402767214,,1
34,"Ymra, Covered in Blood",Yellow,N,R,General,G2,10,4,^v<>X,TRUE,TRUE,TRUE,TRUE,TRUE,TRUE,TRUE,TRUE,"Roll a d6: 1-3 - You may move 1 Soldier you control to an empty space on your opponents back line. 4-5 - All Soldiers you control gain M equal to the number of Soldier cards on your opponents back line. 6 - Ymra, Covered in Blood may initiate a battle with your opponents lowest might card, if this card wins, you move this card to the defeated cards space.",34,0.960602881484909,,1
35,Golden Ymra,Yellow,Y,R,General,G3,18,7,^v<>X,TRUE,TRUE,TRUE,TRUE,TRUE,TRUE,TRUE,TRUE,"Roll a d6: 1-5 You may sacrifice all soldiers you control, Golden Ymra gains M = # of sacrificed soldiers and you gain that many Rations. 6 - Your opponent cannot move their cards for 2 turns and you gain actions = # of soldiers in your graveyard.",35,0.807608524492833,,1
36,Fixed Result,Brown,N,C,Support,,,4,,FALSE,FALSE,FALSE,FALSE,FALSE,FALSE,FALSE,FALSE,You may play this card at any time. You may add 1 to your Generals Will Roll.,36,0.29768906168929,,1
37,Berserker Mushroom,Red,N,C,Support,,,2,,FALSE,FALSE,FALSE,FALSE,FALSE,FALSE,FALSE,FALSE,Target Soldier gains +2M,37,0.758184635047211,,1
38,Sleep Mushroom,Blue,N,C,Support,,,2,,FALSE,FALSE,FALSE,FALSE,FALSE,FALSE,FALSE,FALSE,Target Soldier cannot make actions for 2 turns.,38,0.248952206456143,,1
39,Combusting Mushroom,Yellow,N,C,Support,,,2,,FALSE,FALSE,FALSE,FALSE,FALSE,FALSE,FALSE,FALSE,Target Soldier loses 2M until end of turn.,39,0.0234033081815094,,1
40,Death Mushroom,Brown,N,C,Support,,,2,,FALSE,FALSE,FALSE,FALSE,FALSE,FALSE,FALSE,FALSE,Target Soldier dies after 2 turns.,40,0.872005219799181,,1
41,Stone Mushroom,Green,N,C,Support,,,2,,FALSE,FALSE,FALSE,FALSE,FALSE,FALSE,FALSE,FALSE,Target Soldier cannot move for 2 turns.,41,0.582183791313899,,1
42,Archer Legion,Red,N,C,Soldier,Company,4,2,v<>,FALSE,TRUE,TRUE,TRUE,FALSE,FALSE,FALSE,FALSE,This card can initiate a ranged battle from an extra 5 spaces away.,42,0.673786604938857,,1
43,Deranged Prisoners,Brown,N,C,Soldier,Company,5,2,^<>Y,TRUE,FALSE,TRUE,TRUE,TRUE,TRUE,FALSE,FALSE,Your opponent gains control of this card after 3 turns.,43,0.61981074347335,,1
44,Shamed Royal,Blue,N,C,Soldier,Knight,3,1,^v<>,TRUE,TRUE,TRUE,TRUE,FALSE,FALSE,FALSE,FALSE,This card cannot move once a Battle has been initiated with it. ,44,0.740183560053588,"“Everyone knows what happened to his Royal Highness, but you shouldn’t speak about it.”",1
45,Midnight Concoction,Purple,N,U,Support,,,6,,FALSE,FALSE,FALSE,FALSE,FALSE,FALSE,FALSE,FALSE,"If target card does not attack this turn, it gains +3M and must attack next turn or else it will be sacrificed.",45,0.785400485661842,,1
46,Human Test Subject,Purple,N,U,Support,,,6,,FALSE,FALSE,FALSE,FALSE,FALSE,FALSE,FALSE,FALSE,Roll a d6 before a Battle - 1-3 The next attack goes through as normal. 4-6 Take control of attacking and defending cards and place both cards on your back line.,46,0.912857616187102,,1
47,Plague of Rats,Red,N,C,Soldier,Animal,2,1,^,TRUE,FALSE,FALSE,FALSE,FALSE,FALSE,FALSE,FALSE,"This card does not cost an Action to move. If defeated in a Battle, this card is moved to it’s controllers back line instead of the graveyard.",47,0.725104910513153,,1
48,Feral Cats,Brown,N,C,Soldier,Animal,3,1,^v<>X,TRUE,TRUE,TRUE,TRUE,TRUE,TRUE,TRUE,TRUE,This card cannot be part of a wall and cannot give ground.,48,0.784335545763112,,1
49,Distortion Curse,Purple,N,U,Support,,,5,,FALSE,FALSE,FALSE,FALSE,FALSE,FALSE,FALSE,FALSE,"Target card initiates battle with another Target adjacent card, no support cards may be played in that battle. ",49,0.0772696091716163,,1
50,Final Charge,Green,N,U,Support,,,8,,FALSE,FALSE,FALSE,FALSE,FALSE,FALSE,FALSE,FALSE,All of your Soldiers and Generals Move forward 2 Spaces and gain 4M.,50,0.0205016186416845,,1
51,Penny Pincher,Blue,N,U,Support,,,5,,FALSE,FALSE,FALSE,FALSE,FALSE,FALSE,FALSE,FALSE,You cannot lose Rations until the start of your next turn.,51,0.445944247742806,,1
52,"Lupin, Young Royal",Yellow,N,C,Soldier,Knight,5,2,^v<>,TRUE,TRUE,TRUE,TRUE,FALSE,FALSE,FALSE,FALSE,This card may tap to form walls for free. ,52,0.0556356412801948,,1
53,Huntsman Brekka,Yellow,N,C,Soldier,Knight,6,2,<>X,FALSE,FALSE,TRUE,TRUE,TRUE,TRUE,TRUE,TRUE,Huntsman Brekka can initiate ranged combat from X spaces away where X = 1/2 of your Rations.,53,0.565812322156178,,1
54,Old Man Sigra,Brown,N,U,Soldier,Knight,2,1,<>,FALSE,FALSE,TRUE,TRUE,FALSE,FALSE,FALSE,FALSE,"If Old Man Sigra is on your back line, you may cast support cards 2R or less for free.",54,0.241592980082432,,1
55,Weary Traveller,Red,N,C,Soldier,Squire,1,1,^v<>,TRUE,TRUE,TRUE,TRUE,FALSE,FALSE,FALSE,FALSE,You may play Weary Traveller for free without using an Action point.,55,0.738584801218145,,1
56,Send in the Ladies,Brown,N,U,Support,,,3,,FALSE,FALSE,FALSE,FALSE,FALSE,FALSE,FALSE,FALSE,"Choose a player, all cards that player controls gain +2M, but cannot move for 1 turn.",56,0.34049526186138,,1
57,Jailbreak,Brown,N,C,Support,,,5,,FALSE,FALSE,FALSE,FALSE,FALSE,FALSE,FALSE,FALSE,All cards return to their owner’s control. ,57,0.815886381858041,,1
58,Moldy Bread,Purple,N,C,Arms,,,4,,FALSE,FALSE,FALSE,FALSE,FALSE,FALSE,FALSE,FALSE,"Partner 1 - As long as the partnered card remains on the battlefield, it’s owner must pay 2R per turn.",58,0.852585549948956,,1
59,Behind Enemy Lines,Purple,N,C,Support,,,6,,FALSE,FALSE,FALSE,FALSE,FALSE,FALSE,FALSE,FALSE,"Target a Soldier you control, if that card is on your opponents side of the field, it cannot be attacked until you initiate a Battle with it. ",59,0.918349809547921,,1
60,"Sally Salvato, Disguise Master",Brown,N,C,Soldier,Knight,4,2,^v<>,TRUE,TRUE,TRUE,TRUE,FALSE,FALSE,FALSE,FALSE,"Your opponent gains control of Salla Salvato for 3 turns but cannot move them unless to attack, after 3 turns regain control of Salla.",60,0.555951021719224,,1
61,Armored Elephants,Blue,N,C,Soldier,Animal,9,3,^Y,TRUE,FALSE,FALSE,FALSE,TRUE,TRUE,FALSE,FALSE,,61,0.593870242922721,“Is that a fucking elephant?”,1
62,"Rew, the Butcher",Red,N,U,Soldier,Squire,8,3,^v<>X,TRUE,TRUE,TRUE,TRUE,TRUE,TRUE,TRUE,TRUE,Rew the Butcher generates 5R per battle won.,62,0.404223920798482,,1
63,"Ser Geren, Knight of the King",Green,N,U,Soldier,Knight,7,3,^v<>Y,TRUE,TRUE,TRUE,TRUE,TRUE,TRUE,FALSE,FALSE,Ser Geren can Partner any card with the Partner mechanic for free. ,63,0.0287534768647712,,1
64,A Chill on the Wind,Blue,N,U,Support,,,7,,FALSE,FALSE,FALSE,FALSE,FALSE,FALSE,FALSE,FALSE,"All movement is halved, rounded up, until your next turn. ",64,0.705122385612006,,1
65,Tears of God,Yellow,N,C,Support,,,3,,FALSE,FALSE,FALSE,FALSE,FALSE,FALSE,FALSE,FALSE,"You may draw a card, then discard a card. ",65,0.411671359186392,,1
66,Blizzerd,Purple,N,C,Support,,,6,,FALSE,FALSE,FALSE,FALSE,FALSE,FALSE,FALSE,FALSE,All cards that are not partnered cannot move until your next turn. ,66,0.212160331431453,,1
67,Sweat,Red,N,C,Support,,,2,,FALSE,FALSE,FALSE,FALSE,FALSE,FALSE,FALSE,FALSE,All players must sacrifice 1R per movement until the start of your next turn.,67,0.991323775116398,,1
68,Cooked in Armor,Brown,N,U,Support,,,5,,FALSE,FALSE,FALSE,FALSE,FALSE,FALSE,FALSE,FALSE,Any card in a Wall gets -1M until the start of your next turn.,68,0.311187253499066,,1
69,In the Shade of the Trees,Green,N,R,Support,,,9,,FALSE,FALSE,FALSE,FALSE,FALSE,FALSE,FALSE,FALSE,Any card not on the edges or back lines of the Battlefield must move to an open space there or gain -3M until next turn.,69,0.0118069171253213,,1
70,Temporary Encampment,Green,N,R,Support,,,4,,FALSE,FALSE,FALSE,FALSE,FALSE,FALSE,FALSE,FALSE,Target Soldier card can partner any partner card from your graveyard for free. ,70,0.00396739967223608,,1
71,Castle Walls,Yellow,N,U,Support,,,3,,FALSE,FALSE,FALSE,FALSE,FALSE,FALSE,FALSE,FALSE,"Target card cannot be destroyed, sacrificed, moved, part of a wall, partnered, attacked, buffed, de-buffed, or give ground. ",71,0.170345898868248,,1
72,Siege Weapons,Green,N,R,Support,,,3,,FALSE,FALSE,FALSE,FALSE,FALSE,FALSE,FALSE,FALSE,Target Soldier card can initiate a ranged battle. ,72,0.187662589563405,,1
73,Trebuchet Tactics,Yellow,N,R,Support,,,2,,FALSE,FALSE,FALSE,FALSE,FALSE,FALSE,FALSE,FALSE,Target Soldier card cannot be attacked from range. ,73,0.855014587380241,,1
74,Rusty Sword,Purple,N,C,Arms,,,1,,FALSE,FALSE,FALSE,FALSE,FALSE,FALSE,FALSE,FALSE,"Partner 1 - When this card is partnered, during a Battle your enemy gains -1M.",74,0.272569122123599,,1
75,Sharpened Blade,Red,N,U,Arms,,,4,,FALSE,FALSE,FALSE,FALSE,FALSE,FALSE,FALSE,FALSE,Partner 2 - Partnered card gains +4M.,75,0.743769508781514,,1
76,Blacksmith’s Daughter,Green,N,U,Soldier,Squire,2,1,^<>Y,TRUE,FALSE,TRUE,TRUE,TRUE,TRUE,FALSE,FALSE,Any card directly in front of this card may be partnered for free.,76,0.716217588590469,“Everyone’s always trying to be around the blacksmiths daughter.”,1
77,Cleric,Blue,N,R,Soldier,Arcano,5,2,^<>,TRUE,FALSE,TRUE,TRUE,FALSE,FALSE,FALSE,FALSE,"Once per turn, you may play a support card for free, if you do, Cleric rotates 180 degrees.",77,0.767965152475887,,1
78,Cultists,Red,N,U,Soldier,Company,3,1,^<>,TRUE,FALSE,TRUE,TRUE,FALSE,FALSE,FALSE,FALSE,"At the end of your turn, during your General’s Will Roll phase, you may sacrifice this card to give the General’s Will Roll +1.",78,0.102307423810087,,1
79,Latrine Diggers,Purple,N,C,Soldier,Company,1,1,^v,TRUE,TRUE,FALSE,FALSE,FALSE,FALSE,FALSE,FALSE,Latrine Digger can initiate a ranged battle from 2 spaces away.,79,0.509506819881795,,1
80,Animal Experiments,Brown,N,R,Support,,,6,,FALSE,FALSE,FALSE,FALSE,FALSE,FALSE,FALSE,FALSE,You may play 1 Soldier card 3M or less from your graveyard.,80,0.875297978247689,,1
81,Visions,Blue,N,U,Support,,,2,,FALSE,FALSE,FALSE,FALSE,FALSE,FALSE,FALSE,FALSE,Target opponent reveals one card of their choice from their hand. ,81,0.835116286045117,,1
82,Fresh Drinking Water,Green,N,R,Support,,,7,,FALSE,FALSE,FALSE,FALSE,FALSE,FALSE,FALSE,FALSE,"Discard your entire hand, draw 5 new cards.",82,0.484805071661142,,1
83,Oracle,Blue,N,U,Support,,,3,,FALSE,FALSE,FALSE,FALSE,FALSE,FALSE,FALSE,FALSE,"Look at the top card of your library, you may put that card back on top or in your graveyard. ",83,0.388595336697239,,1
84,Foggy Morning,Purple,N,R,Support,,,5,,FALSE,FALSE,FALSE,FALSE,FALSE,FALSE,FALSE,FALSE,"This card must be played before a Battle. If your opponent played more support cards before this battle than you, play an extra support card for free. ",84,0.885444550772496,,1
85,Traveling Merchant,Blue,N,U,Soldier,Squire,1,1,^v<>,TRUE,TRUE,TRUE,TRUE,FALSE,FALSE,FALSE,FALSE,"Every 3 spaces this card moves, draw a card.",85,0.947575360956412,,1
86,Draft the Recruits,Red,N,R,Support,,,7,,FALSE,FALSE,FALSE,FALSE,FALSE,FALSE,FALSE,FALSE,You may play up to 3 Soldier cards 2M or less for free.,86,0.381110222194185,,1
87,Well Thought Plan,Blue,N,U,Support,,,8,,FALSE,FALSE,FALSE,FALSE,FALSE,FALSE,FALSE,FALSE,"Search your library for a Soldier or Support card and put that card on the top of your library, then shuffle. ",87,0.975139776759723,,1
88,Not So Well Thought Plan,Green,N,C,Support,,,4,,FALSE,FALSE,FALSE,FALSE,FALSE,FALSE,FALSE,FALSE,"Search your library for a Soldier or Support card and put that card into your graveyard, then shuffle.",88,0.236441915669823,,1
89,Spymaster Droxy,Purple,N,R,Soldier,Knight,4,2,^v<>,TRUE,TRUE,TRUE,TRUE,FALSE,FALSE,FALSE,FALSE,"Whenever this card enters battle, any Support cards your opponent plays before Battle are revealed before you finalize your support cards until the start of your next turn.",89,0.276793316826656,,1
90,Counterintelligence,Purple,N,U,Support,,,5,,FALSE,FALSE,FALSE,FALSE,FALSE,FALSE,FALSE,FALSE,"Target Opponent reveals the top card of their library, you may choose to put that card back on top, or at the bottom of their library. ",90,0.626579575149621,,1
91,Quartermaster Bergana,Brown,N,R,Soldier,Knight,7,3,^<>Y,TRUE,FALSE,TRUE,TRUE,TRUE,TRUE,FALSE,FALSE,"Once at the end of your turn, search your library for a Page card and play that soldier behind this card for free, then shuffle. ",91,0.353084582314549,,1
92,Houndmaster Bretta,Yellow,N,R,Soldier,Knight,7,3,^<>Y,TRUE,FALSE,TRUE,TRUE,TRUE,TRUE,FALSE,FALSE,"Once at the end of your turn, search your library for an Animal card and play that Soldier in front of this card for free, then shuffle. ",92,0.0225171310458666,,1
93,Too Much to Drink,Green,N,U,Support,,,3,,FALSE,FALSE,FALSE,FALSE,FALSE,FALSE,FALSE,FALSE,Roll a d6: 1-3 - Target Soldier your opponent controls rotates 180 degrees. 4-6 - Up to two Target Soldiers your opponent controls rotates 180 degrees.,93,0.89771735930709,,1
94,Not Enough to Drink,Brown,N,C,Support,,,0,,FALSE,FALSE,FALSE,FALSE,FALSE,FALSE,FALSE,FALSE,"If target player has a drink, they must finish their drink to play this card. After, that player gains 2 free actions during their Ending Phase.",94,0.987021461400891,,1
95,Bookkeeper Terrin,Brown,N,U,Soldier,Arcano,1,1,^v<>,TRUE,TRUE,TRUE,TRUE,FALSE,FALSE,FALSE,FALSE,"As long as this card is on your side of the Battlefield, you may generate 1 extra ration per turn.",95,0.899504975597252,,1
96,Page Yus,Red,N,U,Soldier,Squire,3,1,^v<>,TRUE,TRUE,TRUE,TRUE,FALSE,FALSE,FALSE,FALSE,"When this card enters the Battlefield, you may pay 5R to play up to a 5M soldier from your hand for free.",96,0.693684225660698,,1
97,Page of Hands,Blue,N,U,Soldier,Squire,3,1,^v<>,TRUE,TRUE,TRUE,TRUE,FALSE,FALSE,FALSE,FALSE,"When this card enters the Battlefield, you may play up to 2 Support cards from your hand for free. If you do, place this card on top of your deck then shuffle.",97,0.17283795545327,,1
98,Page Idica,Yellow,N,U,Soldier,Squire,3,1,^v<>,TRUE,TRUE,TRUE,TRUE,FALSE,FALSE,FALSE,FALSE,"When this card enters the Battlefield, you may return a card from your graveyard to your hand. If you do, place this card on top of your deck then shuffle. ",98,0.480855176064269,,1
99,The People’s Knight,Green,N,R,Soldier,Knight,9,3,^v<>X,TRUE,TRUE,TRUE,TRUE,TRUE,TRUE,TRUE,TRUE,"Partner 3 - When this card is partnered, if you win 4 Battles with it, you win the game.",99,0.939579421545225,"“Some say that The People’s Knight has never lost a fight, but have you ever actually seen him win one?”",1
100,Attempt at Re-Creation,Brown,N,R,Support,,,9,,FALSE,FALSE,FALSE,FALSE,FALSE,FALSE,FALSE,FALSE,Return a card from your graveyard to your hand. You must play it this turn.,100,0.765513814185707,,1
101,Burning Soul,Yellow,N,U,Support,,,2,,FALSE,FALSE,FALSE,FALSE,FALSE,FALSE,FALSE,FALSE,"Discard a card, then you gain an Action during your Ending Phase.",101,0.527268490087558,,1
102,Ymra’s Axe of the Sun,Yellow,N,L,Arms,,,7,,FALSE,FALSE,FALSE,FALSE,FALSE,FALSE,FALSE,FALSE,Partner 2 - Partnered card gains +5M.,102,0.030105838956205,,1
103,"Vodd’s Dual Swords, Tyrant and Tamer",Red,N,L,Arms,,,7,,FALSE,FALSE,FALSE,FALSE,FALSE,FALSE,FALSE,FALSE,"Partner 2 - When this card is partnered, at the end of your turn you may move one of your opponents cards in any direction.",103,0.646869217196552,,1
104,The Vallobranch Family Blade,Brown,N,L,Arms,,,7,,FALSE,FALSE,FALSE,FALSE,FALSE,FALSE,FALSE,FALSE,Partner 2 - Partnered card gets +2 Might. You may sacrifice this card at any time to gain +10R instead for one turn.,104,0.956599694699467,,1
105,"Puratta’s Broadsword, Blessed Blade",Green,N,L,Arms,,,7,,FALSE,FALSE,FALSE,FALSE,FALSE,FALSE,FALSE,FALSE,"Partner 2 - For each turn this card is partnered, if you have more than 7 cards in your hand, you may move these partnered cards to any spot on the battlefield for free, then discard a card.",105,0.210221430375457,,1
106,"Violetta’s Straight Sword, Oathtaker",Purple,N,L,Arms,,,7,,FALSE,FALSE,FALSE,FALSE,FALSE,FALSE,FALSE,FALSE,"Partner 2 - Whenever this card is partnered and wins a Battle, take control of losing opponents card rather than sending that card to the graveyard.",106,0.692229903695666,,1
107,"Azure’s Razor, Opus Dei",Blue,N,L,Arms,,,7,,FALSE,FALSE,FALSE,FALSE,FALSE,FALSE,FALSE,FALSE,"Partner 2 - If this card is partnered and then joins a Wall, That wall gains +7M.",107,0.367959088623544,,1
108,Helm of Time,Blue,N,R,Arms,,,9,,FALSE,FALSE,FALSE,FALSE,FALSE,FALSE,FALSE,FALSE,"Partner 1 - When this card is partnered, Partnered card and this card may be returned to your hand at any time.",108,0.404652489789849,,1
109,Sturdy Leather Boots,Red,N,C,Arms,,,2,,FALSE,FALSE,FALSE,FALSE,FALSE,FALSE,FALSE,FALSE,Partner 1 - Partnered card cannot give ground.,109,0.460725164119844,,1
110,Bloodmorn,Red,N,U,Support,,,5,,FALSE,FALSE,FALSE,FALSE,FALSE,FALSE,FALSE,FALSE,"This card must be played before a Battle. If you lose the Battle, return 3 cards from your Graveyard to your hand, then discard 2 cards.",110,0.649327253553907,,1
111,Wasted Talent,Green,N,C,Support,,,2,,FALSE,FALSE,FALSE,FALSE,FALSE,FALSE,FALSE,FALSE,"Discard a card, gain rations equal to half that cards Ration value rounded down.",111,0.501806797846982,,1
112,Trench Diggers,Purple,N,C,Soldier,Company,4,2,^Y,TRUE,FALSE,FALSE,FALSE,TRUE,TRUE,FALSE,FALSE,"When Trench Diggers enters the battlefield, each wall you control gives ground but gains +1M for each card in the wall.",112,0.0726618619784829,,1
113,Used Chainmail,Brown,N,U,Arms,,,4,,FALSE,FALSE,FALSE,FALSE,FALSE,FALSE,FALSE,FALSE,"Partner 1 - If partnered card loses a battle, sacrifice this card instead of sending that card to the graveyard.",113,0.128465766920402,,1
114,Divine Intervention,Green,N,L,Support,,,13,,FALSE,FALSE,FALSE,FALSE,FALSE,FALSE,FALSE,FALSE,Win the next Battle.,114,0.176498577802455,,1
115,Vesta’s Roar,Yellow,N,R,Support,,,9,,FALSE,FALSE,FALSE,FALSE,FALSE,FALSE,FALSE,FALSE,All cards rotate 180 degrees.,115,0.783336176864829,,1
116,"Violetta, First Meeting",Purple,N,R,General,G1,10,4,^v<>X,TRUE,TRUE,TRUE,TRUE,TRUE,TRUE,TRUE,TRUE,"Roll a d6: 1-2: Steal 3 Rations from opponent. 3-5: For every card you control on your opponents side of the battlefield, gain 2 Rations. 6: Choose a card from your opponents hand at random, you may play that card this turn.",116,0.200652327605195,,1
117,Violetta’s Mistakes,Purple,N,R,General,G2,10,4,^v<>X,TRUE,TRUE,TRUE,TRUE,TRUE,TRUE,TRUE,TRUE,"Roll a d6: 1-3: You may search your library for an Arms card, place that card into your hand and then shuffle. 4-5: Draw a card. 6: Generate 3 Rations for each partnered Arms card you control.",117,0.944847765173614,,1
118,Violetta Shadowhunt,Purple,Y,R,General,G3,13,5,^v<>X,TRUE,TRUE,TRUE,TRUE,TRUE,TRUE,TRUE,TRUE,"Roll a d6: 1-3: Search your library for “Violetta’s Straight Sword, Oathtaker”, then partner it with this card and shuffle, if you can’t, your opponent must sacrifice a card they control. 4-5: If this card is not Partnered, Return this card to G2, 6: Your opponent gives you all their rations or they advance a General tier.",118,0.321862008567221,,1
119,Wide Swing,Red,N,U,Support,,,6,,FALSE,FALSE,FALSE,FALSE,FALSE,FALSE,FALSE,FALSE,This card must be played before a Battle. Opponent must sacrifice or discard another card or forfeit the Battle.,119,0.0694876888274672,,1
120,Grew Up Together,Purple,N,C,Support,,,5,,FALSE,FALSE,FALSE,FALSE,FALSE,FALSE,FALSE,FALSE,"Partner 2 Soldier cards with the partner mechanic for free, if those cards lose a Battle you must sacrifice both.",120,0.434552018181967,,1
121,Prayer,Yellow,N,C,Support,,,1,,FALSE,FALSE,FALSE,FALSE,FALSE,FALSE,FALSE,FALSE,Choose One: - Draw a card. - Move a card 2 spaces. - Generate 2R.,121,0.727823269475297,,1
122,Prophecy,Brown,N,C,Support,,,7,,FALSE,FALSE,FALSE,FALSE,FALSE,FALSE,FALSE,FALSE,Choose a card from your graveyard and place that card on the top of your deck. Then do the same for your opponent.,122,0.561233702373497,,1
123,Porous Ducts,Blue,N,C,Support,,,2,,FALSE,FALSE,FALSE,FALSE,FALSE,FALSE,FALSE,FALSE,"This card must be played before a battle. If your card loses the battle, you may play another Soldier card for free.",123,0.30299740644917,,1
124,General’s Bounty,Purple,N,U,Support,,,4,,FALSE,FALSE,FALSE,FALSE,FALSE,FALSE,FALSE,FALSE,"You may choose to not use your General’s Will Roll, in return destroy enemy Soldier.",124,0.822324928835368,,1
125,Forgotten By the Future,Brown,N,U,Support,,,2,,FALSE,FALSE,FALSE,FALSE,FALSE,FALSE,FALSE,FALSE,The next card you control that dies goes to the bottom of your deck instead of the graveyard.,125,0.255207351228572,,1
126,Reborn Rabbit,Blue,N,C,Soldier,Animal/Arcano,1,1,^v,TRUE,TRUE,FALSE,FALSE,FALSE,FALSE,FALSE,FALSE,This card can only be played from your graveyard but can be played for free.,126,0.568754315220185,"“Several attempts at recreation have proved unsuccessful, until they weren’t.”",1
127,Cascade of Darkness,Green,N,C,Support,,,4,,FALSE,FALSE,FALSE,FALSE,FALSE,FALSE,FALSE,FALSE,"Your opponent chooses a card from your hand at random and that card is played for free, then you do the same for your opponent.",127,0.748118523870639,,1
128,Uncontrollable Bloom,Yellow,N,L,Support,,,10,,FALSE,FALSE,FALSE,FALSE,FALSE,FALSE,FALSE,FALSE,You and your opponent may play their entire hand and gain Rations equal to the highest Ration value card played.,128,0.866397251766901,,1
129,Greatwall Yvera,Blue,N,U,Support,,,2,,FALSE,FALSE,FALSE,FALSE,FALSE,FALSE,FALSE,FALSE,Target Wall gains +2M.,129,0.703030345433934,,1
130,General Azure,Blue,N,R,General,G1,10,4,^v<>X,TRUE,TRUE,TRUE,TRUE,TRUE,TRUE,TRUE,TRUE,"Roll a d6: 1-2 - Play a Soldier card from your hand for free. 3-4 - Tap any number of Soldier cards to form a wall for free. 5-6 - Target any number of Soldiers you control, they may give ground.",130,0.611161064783685,,1
131,"Azure, Star Seeker",Blue,N,R,General,G2,12,5,^v<>X,TRUE,TRUE,TRUE,TRUE,TRUE,TRUE,TRUE,TRUE,"Roll a d6: 1-3 - Target Soldier gains 2M. 4-5: Return Soldier card from your graveyard to your hand. 6 - Search your Library for a card named “Azure’s Razor, Opus Dei” and Place that card into your hand.",131,0.353839006436151,,1
132,Azure’s Stars Aligned,Blue,Y,R,General,G3,14,6,^v<>X,TRUE,TRUE,TRUE,TRUE,TRUE,TRUE,TRUE,TRUE,"Roll a d6: 1-2 - All Soldiers you control gain +2M. 3-4 - For each Soldier you control, your opponent must pay 2R. 5-6 - All cards your opponent controls must give ground and you gain +5R.",132,0.738041197760201,,1
133,Barbaric Shout,Yellow,N,U,Support,,,6,,FALSE,FALSE,FALSE,FALSE,FALSE,FALSE,FALSE,FALSE,All cards your opponent controls in a straight line from target card must give ground.,133,0.937629069339342,,1
134,Ymra’s Wolves,Yellow,N,U,Soldier,Animal,7,3,^vY,TRUE,TRUE,FALSE,FALSE,TRUE,TRUE,FALSE,FALSE,This card cannot be in a wall or partnered. Ymra’s Wolves has 2 extra movement per turn.,134,0.284868929795794,,1
135,Basterd of Blades,Yellow,N,C,Soldier,Knight,3,1,^v<>X,TRUE,TRUE,TRUE,TRUE,TRUE,TRUE,TRUE,TRUE,"This card cannot be in a wall, This card can have any number of partners as long as they are Arms.",135,0.0653947188315819,,1
136,Tent Maiden,Yellow,N,C,Soldier,Squire,1,1,v<>,FALSE,TRUE,TRUE,TRUE,FALSE,FALSE,FALSE,FALSE,"This card cannot be in a wall, all soldiers you control get 1M as long as it’s not your turn.",136,0.966581039063588,"“The Soldiers all look forward to the night, when the blood is flowing and the drinks are empty.”",1
137,Brew of the Dawn,Yellow,N,U,Support,,,4,,FALSE,FALSE,FALSE,FALSE,FALSE,FALSE,FALSE,FALSE,"Choose a Soldier you control, if that Soldier is on the losing side of a Battle, you may bring it back to the battlefield from your graveyard after 1 turn.",137,0.635642617419412,,1
138,Vodd’s Duststorm,Red,N,U,Support,,,8,,FALSE,FALSE,FALSE,FALSE,FALSE,FALSE,FALSE,FALSE,There can be no Ranged battles for 2 turns.,138,0.952755048059549,,1
139,Bloodthirsty Mice,Red,N,C,Soldier,Animal,3,1,^Y,TRUE,FALSE,FALSE,FALSE,TRUE,TRUE,FALSE,FALSE,This card can’t be partnered or part of a wall. This card initiates a battle each turn with the closest card.,139,0.914809312982872,,1
140,Unnamed Slaves,Red,N,C,Soldier,Company,5,2,^vY,TRUE,TRUE,FALSE,FALSE,TRUE,TRUE,FALSE,FALSE,"When this card starts a battle, your opponent rolls a d6, if it’s a 5 or 6 your opponent takes control of this card.",140,0.337448799067701,,1
141,Scars of a General’s Past,Red,N,R,Support,,,5,,FALSE,FALSE,FALSE,FALSE,FALSE,FALSE,FALSE,FALSE,"If you play this card on the same turn that your general loses a battle, your next tier general gains 5M permanently and you gain 2 extra actions on your next turn.",141,0.700059079536211,,1
142,Beard Tokens,Red,N,U,Arms,,,6,,FALSE,FALSE,FALSE,FALSE,FALSE,FALSE,FALSE,FALSE,"Partner 1 - When this card is partnered, gain rations equal to the number of cards in your opponent’s graveyard for each Battle you win.",142,0.484862912994701,,1
143,Vallobranch Riches,Brown,N,U,Support,,,10,,FALSE,FALSE,FALSE,FALSE,FALSE,FALSE,FALSE,FALSE,"If a Solder you control died this turn, Gain +3R",143,0.576242297484743,,1
144,Putyr’s Favorite Charger,Brown,N,C,Soldier,Animal,6,2,^Y,TRUE,FALSE,FALSE,FALSE,TRUE,TRUE,FALSE,FALSE,Partner 2 - Partnered card gains 2 extra spaces of movement and cannot give ground.,144,0.895864259061605,,1
145,Overworked Bookkeeper,Brown,N,C,Soldier,Squire,1,1,<>X,FALSE,FALSE,TRUE,TRUE,TRUE,TRUE,TRUE,TRUE,"When this Soldier enters the battlefield, count your rations, if you have an even number, add +1R, if you have an odd number, +2R.",145,0.569546086378602,,1
146,The Forgotten Branch,Brown,N,R,Soldier,Knight,8,3,^v<>X,TRUE,TRUE,TRUE,TRUE,TRUE,TRUE,TRUE,TRUE,"When this Soldier enters the battlefield, choose an enemy Soldier, these cards initiate a Battle. If you win that Battle, gain double Rations from the winning pot.",146,0.219457917725325,,1
147,No Soldier Goes Unpaid,Brown,N,U,Support,,,9,,FALSE,FALSE,FALSE,FALSE,FALSE,FALSE,FALSE,FALSE,Un-partner target card and gain control of lower might partnered card. Gain Rations equal to its Ration cost.,147,0.309986803254659,,1
148,Puratta’s Oath,Green,N,C,Support,,,5,,FALSE,FALSE,FALSE,FALSE,FALSE,FALSE,FALSE,FALSE,"Target enemy Soldier, if that soldier dies before the start of your next turn, gain 4R.",148,0.523689055147748,,1
149,"Benne, Indric’s Only Friend",Green,N,C,Soldier,Knight,4,2,^v<>,TRUE,TRUE,TRUE,TRUE,FALSE,FALSE,FALSE,FALSE,"This card cannot be part of a wall, this card cannot initiate a Battle. For every battle this card wins, your General gains +2M.",149,0.652906113321048,,1
150,Armor Fitter Herc,Green,N,C,Soldier,Squire,3,1,^v<>,TRUE,TRUE,TRUE,TRUE,FALSE,FALSE,FALSE,FALSE,"When this card enters the Battlefield, search your library for an Arms card, shuffle, and put it on the top of your library.",150,0.76684246432927,,1
151,Lectio Divinia,Green,N,L,Support,,,10,,FALSE,FALSE,FALSE,FALSE,FALSE,FALSE,FALSE,FALSE,Gain another turn after this one.,151,0.231086216154315,"“Time moves ever on, and history repeats itself far too often.”",1
152,Chalice of God,Green,N,U,Arms,,,4,,FALSE,FALSE,FALSE,FALSE,FALSE,FALSE,FALSE,FALSE,Partner 1 - Partnered Soldier card gains +8M but dies at the end of this turn.,152,0.0144251964581108,,1
153,Burned Into Memory,Purple,N,C,Support,,,3,,FALSE,FALSE,FALSE,FALSE,FALSE,FALSE,FALSE,FALSE,"Choose a support card from your graveyard, you may play that card again for double its Ration cost.”",153,0.582098197898219,,1
154,Crowspies,Purple,N,U,Soldier,Animal,2,1,^Y,TRUE,FALSE,FALSE,FALSE,TRUE,TRUE,FALSE,FALSE,"When this card enters a Battle, choose one support card your opponent will play before the battle after they are finalized, but before they are shown, and put that card in their graveyard instead. ",154,0.828208938708056,,1
155,Nightretch Assassins,Purple,N,U,Soldier,Company,7,3,^X,TRUE,FALSE,FALSE,FALSE,TRUE,TRUE,TRUE,TRUE,"This card cannot enter a Battle or be a part of a wall. If a Battle is initiated with it, your opponent must roll a d6, if it’s a 1, your opponents attacking card dies. If it’s anything other than a 1, both cards swap places.",155,0.157774777061457,,1
156,Letters to the Future,Purple,N,R,Support,,,9,,FALSE,FALSE,FALSE,FALSE,FALSE,FALSE,FALSE,FALSE,Shuffle your hand into your library and draw 7 cards.,156,0.970125069159855,,1
157,Plate of Night,Purple,N,U,Arms,,,7,,FALSE,FALSE,FALSE,FALSE,FALSE,FALSE,FALSE,FALSE,Partner 3 - Partnered card cannot be attacked.,157,0.0922043207300791,,1
158,Parade,Blue,N,C,Support,,,3,,FALSE,FALSE,FALSE,FALSE,FALSE,FALSE,FALSE,FALSE,All Soldiers you control give ground twice.,158,0.307904648427284,,1
159,Veiled Guard of Stars,Blue,N,C,Soldier,Company,9,3,^v<>X,TRUE,TRUE,TRUE,TRUE,TRUE,TRUE,TRUE,TRUE,"If this card loses a Battle, return it to your back line instead of your graveyard and it gets -2M.",159,0.939529979753505,,1
160,Lost Company,Blue,N,C,Soldier,Company,2,1,X,FALSE,FALSE,FALSE,FALSE,TRUE,TRUE,TRUE,TRUE,You may play this card for free.,160,0.979569070016554,,1
161,The Night Before,Blue,N,U,Support,,,9,,FALSE,FALSE,FALSE,FALSE,FALSE,FALSE,FALSE,FALSE,"Place 2 cards from your hand on top of your library, and take any card from your graveyard and place it in your hand.",161,0.619303091231851,,1
162,The Creator’s Star,Blue,N,R,Arms,,,X,,FALSE,FALSE,FALSE,FALSE,FALSE,FALSE,FALSE,FALSE,"Partner 3 - Gain +XM, If this cards partner loses a battle, destroy all cards that are on the same column.",162,0.318151457597402,,1
163,Sadistic Wretch,Red,N,C,Soldier,Arcano,5,2,v<>Y,FALSE,TRUE,TRUE,TRUE,TRUE,TRUE,FALSE,FALSE,"If this card enters a Battle, it gets -2M. If it loses that battle, it goes to your back line instead of the graveyard.",163,0.488665714175137,,1
164,Sprout Horns,Yellow,N,C,Support,,,4,,FALSE,FALSE,FALSE,FALSE,FALSE,FALSE,FALSE,FALSE,Target Wall gains +1 movement for this turn and cannot be attacked at range.,164,0.978777020861457,,1
165,Tales of Yternus,Brown,N,U,Support,,,1,,FALSE,FALSE,FALSE,FALSE,FALSE,FALSE,FALSE,FALSE,Return target card you control to your hand.,165,0.912294727936775,,1
166,Snakeskin Assassin,Purple,N,U,Soldier,Knight,6,2,^v<>Y,TRUE,TRUE,TRUE,TRUE,TRUE,TRUE,FALSE,FALSE,This card cannot be partnered.,166,0.441829971551715,,1
167,The Castle,Green,N,C,Support,,,7,,FALSE,FALSE,FALSE,FALSE,FALSE,FALSE,FALSE,FALSE,Any Walls you control disband and then reform all adjacent soldiers for free.,167,0.694046638331263,,1
168,Bonfire,Yellow,N,R,Support,,,3,,FALSE,FALSE,FALSE,FALSE,FALSE,FALSE,FALSE,FALSE,Remove 2 target cards from your graveyard and your opponents graveyard from the game.,168,0.405901791886729,,1
169,General’s Command,Green,N,C,Support,,,10,,FALSE,FALSE,FALSE,FALSE,FALSE,FALSE,FALSE,FALSE,All Soldiers you control move forward 1 space.,169,0.371965849644746,,1
170,Ready Or Not,Purple,N,U,Support,,,2,,FALSE,FALSE,FALSE,FALSE,FALSE,FALSE,FALSE,FALSE,"This card must be played before a battle, if it is the first card revealed, no more cards may be revealed and the battle initiates.",170,0.700069207903412,,1
171,Victorious!,Green,N,C,Support,,,9,,FALSE,FALSE,FALSE,FALSE,FALSE,FALSE,FALSE,FALSE,"If you won a Battle this turn, you may draw 2 cards.",171,0.900798185590654,,1
172,Demense ,Blue,N,U,Support,,,4,,FALSE,FALSE,FALSE,FALSE,FALSE,FALSE,FALSE,FALSE,Every card on your side of the battlefield gains +2M.,172,0.601295872467163,,1
173,Arbeleatrier,Blue,N,C,Soldier,Company,4,2,^v,TRUE,TRUE,FALSE,FALSE,FALSE,FALSE,FALSE,FALSE,This card can initiate battle from 5 spaces away.,173,0.867877358782222,,1
174,"Words, Soft Spoken",Brown,N,U,Support,,,2,,FALSE,FALSE,FALSE,FALSE,FALSE,FALSE,FALSE,FALSE,Un-partner target card.,174,0.785646607085066,,1
175,Battle of Champions,Red,N,R,Support,,,20,,FALSE,FALSE,FALSE,FALSE,FALSE,FALSE,FALSE,FALSE,"Choose a card you control and a card your opponent controls, those cards initiate a Battle. The winner of that Battle wins the game.",175,0.52224357319242,"“The fate of us all, decided by two.”",1
176,Intersection of Past and Future,Yellow,N,C,Support,,,9,,FALSE,FALSE,FALSE,FALSE,FALSE,FALSE,FALSE,FALSE,"Draw a card from the bottom of your library, then discard a card, then shuffle and draw a card from the top of your library.",176,0.917208322646315,,1
177,Flute Player’s Anthem,Blue,N,U,Support,,,3,,FALSE,FALSE,FALSE,FALSE,FALSE,FALSE,FALSE,FALSE,"Choose a row on the Battlefield, all cards on that row gain +1M.",177,0.772592476382303,,1
178,Summoner Aslye,Brown,N,U,Soldier,Arcano,7,3,<>Y,FALSE,FALSE,TRUE,TRUE,TRUE,TRUE,FALSE,FALSE,"Whenever this card enters a Battle, you may play a Soldier card from your hand for free.",178,0.139213922937179,,1
179,Forged Vambraces,Red,N,C,Arms,,,6,,FALSE,FALSE,FALSE,FALSE,FALSE,FALSE,FALSE,FALSE,Partner 2 - Partnered card gains +3M but must make a movement every turn.,179,0.680375085738763,,1
180,Washed Clean,Brown,N,C,Support,,,5,,FALSE,FALSE,FALSE,FALSE,FALSE,FALSE,FALSE,FALSE,"If you lost a Battle this turn, gain +4R.",180,0.555354436968724,,1
181,"Mink, Jester of Kings",Blue,N,U,Soldier,Squire,2,1,^v<>,TRUE,TRUE,TRUE,TRUE,FALSE,FALSE,FALSE,FALSE,"This card must be played adjacent to your General, return this card to your hand at the end of your turn.",181,0.203678249470956,,1
182,Droves of Wolves,Yellow,N,C,Soldier,Animal,5,2,^v<>X,TRUE,TRUE,TRUE,TRUE,TRUE,TRUE,TRUE,TRUE,This card has 2 extra spaces of movement per turn.,182,0.508113279851345,,1
183,Queens Command,Blue,N,U,Support,,,10,,FALSE,FALSE,FALSE,FALSE,FALSE,FALSE,FALSE,FALSE,All cards return to their owners control.,183,0.582929773548122,,1
184,King’s Favor,Red,N,U,Support,,,10,,FALSE,FALSE,FALSE,FALSE,FALSE,FALSE,FALSE,FALSE,All cards on the Battlefield add +1R to the next Battle Pot.,184,0.241089334464554,,1
185,What the Future Holds,Purple,N,R,Support,,,4,,FALSE,FALSE,FALSE,FALSE,FALSE,FALSE,FALSE,FALSE,You and your opponent cut each other’s libraries and draw a card.,185,0.845201014358379,,1
186,Fatty Gunni,Green,N,C,Soldier,Knight,8,3,^v<>X,TRUE,TRUE,TRUE,TRUE,TRUE,TRUE,TRUE,TRUE,This card cannot be part of a wall or partnered. This card’s movement is halved.,186,0.729883261550705,,1
187,Grozu,Red,N,C,Soldier,Squire,1,1,^,TRUE,FALSE,FALSE,FALSE,FALSE,FALSE,FALSE,FALSE,,187,0.387195154362587,“Perhaps the loudest of the armies that wage war on Yternus”,1
188,Wild Visionary,Red,N,C,Soldier,Squire,2,1,^v<>,TRUE,TRUE,TRUE,TRUE,FALSE,FALSE,FALSE,FALSE,,188,0.866521051986527,“The Band of Breakers will show you who they are and what they are here to do.”,1
189,Hornman Thut,Red,N,C,Soldier,Squire,3,1,^v<>,TRUE,TRUE,TRUE,TRUE,FALSE,FALSE,FALSE,FALSE,,189,0.19861762157564,“They will shout their own names and then make you shout it back”,1
190,Breaker Guard,Red,N,C,Soldier,Knight,4,2,<>Y,FALSE,FALSE,TRUE,TRUE,TRUE,TRUE,FALSE,FALSE,,190,0.309976704541847,“With their boots on your face and your teeth in the dirt.”,1
191,Bloody Bear,Red,N,C,Soldier,Animal,5,2,^<>Y,TRUE,FALSE,TRUE,TRUE,TRUE,TRUE,FALSE,FALSE,,191,0.221556667028677,"“Led by Kingkiller Vodd, he is as much brute as he is warrior”",1
192,Breaker Captain,Red,N,C,Soldier,Knight,6,2,^v<>Y,TRUE,TRUE,TRUE,TRUE,TRUE,TRUE,FALSE,FALSE,"If this card wins a Battle, it gains +1 movement.",192,0.82115704437806,“Ever fierce and willing to take on whole armies himself.”,1
193,Hurd and Grozu,Red,N,C,Soldier,Company,7,3,^v<>X,TRUE,TRUE,TRUE,TRUE,TRUE,TRUE,TRUE,TRUE,Each time an enemy gives ground this card gains 1 space of movement.,193,0.178495463362609,“And Vodd probably could.”,1
194,The Sleepless Man,Red,N,U,Soldier,Arcano,8,3,^v<>X,TRUE,TRUE,TRUE,TRUE,TRUE,TRUE,TRUE,TRUE,,194,0.838913916650173,“The Band of Breakers seek only death and violence.”,1
195,Vodd’s Champion,Red,N,U,Soldier,Knight,9,3,^v<>X,TRUE,TRUE,TRUE,TRUE,TRUE,TRUE,TRUE,TRUE,,195,0.474939303273786,“They will take your pride and soul.”,1
196,"Defel, The Rain",Red,N,U,Soldier,Knight,10,4,^v<>X,TRUE,TRUE,TRUE,TRUE,TRUE,TRUE,TRUE,TRUE,This card has +2 movement per turn.,196,0.0737739938324577,“They will end you.”,1
197,Biting Bats,Blue,N,C,Soldier,Animal,1,1,^X,TRUE,FALSE,FALSE,FALSE,TRUE,TRUE,TRUE,TRUE,,197,0.848814781799338,"“The Band of Stars, they have all the superior minds in the world.”",1
198,Protectorate Genus,Blue,N,C,Soldier,Arcano,2,1,^v<>,TRUE,TRUE,TRUE,TRUE,FALSE,FALSE,FALSE,FALSE,,198,0.246949599219073,“They keep their resources close.”,1
199,Fattened Battle Cattle,Blue,N,C,Soldier,Animal,3,1,^Y,TRUE,FALSE,FALSE,FALSE,TRUE,TRUE,FALSE,FALSE,This card cannot lose Rations in a Battle.,199,0.98892419522065,"“The Band of Stars cares for one thing only, more.”",1
200,Azure’s Assistant,Blue,N,C,Soldier,Squire,4,2,^v<>,TRUE,TRUE,TRUE,TRUE,FALSE,FALSE,FALSE,FALSE,,200,0.514177033785972,"“More money, food, power.”",1
201,Azure Guard,Blue,N,C,Soldier,Company,5,2,^v<>Y,TRUE,TRUE,TRUE,TRUE,TRUE,TRUE,FALSE,FALSE,,201,0.323507440919024,"“This group of individuals can hold their own in battle, don’t get it wrong”",1
202,Azure’s Feral Cats,Blue,N,C,Soldier,Animal,6,2,^v<>X,TRUE,TRUE,TRUE,TRUE,TRUE,TRUE,TRUE,TRUE,,202,0.374993473422344,“But they will certainly always have more food.”,1
203,Eye of Pride,Blue,N,C,Soldier,Knight,7,3,^<>Y,TRUE,FALSE,TRUE,TRUE,TRUE,TRUE,FALSE,FALSE,"When this card enters the Battlefield, set up to 3 Rations on it. If this card does not move or engage in a Battle in 3 turns, you may triple the amount of Rations on this card and take them. Otherwise, your opponent gains the Rations on this card.",203,0.591948392949482,"“Led by General Azure, cold and calculated.”",1
204,Mouth of Hate,Blue,N,U,Soldier,Knight,8,3,^<>Y,TRUE,FALSE,TRUE,TRUE,TRUE,TRUE,FALSE,FALSE,,204,0.325737224645755,"“Not willing to risk going in to battle unless she is sure they will come out on top, at least in terms of resources.”",1
205,Blade-Winged Eagles,Blue,N,U,Soldier,Animal,9,3,^v<>X,TRUE,TRUE,TRUE,TRUE,TRUE,TRUE,TRUE,TRUE,"Whenever this card wins a Battle, your opponent must also discard the top card of their library.",205,0.942724233138245,"“Azure and her Stars think themselves above each other band, and they may be right.”",1
206,Protectorate Leader of All,Blue,N,U,Soldier,Arcano,10,4,^v<>X,TRUE,TRUE,TRUE,TRUE,TRUE,TRUE,TRUE,TRUE,,206,0.283698202029499,"“They never tire, they never hunger. What is the key to their wealth?”",1
207,Mundane Murderer,Yellow,N,C,Soldier,Knight,1,1,^,TRUE,FALSE,FALSE,FALSE,FALSE,FALSE,FALSE,FALSE,,207,0.240956088549831,"“Ymra’s band of bloodthirsty women, the Band of Soul, are said to eat the flesh of their victims.”",1
208,The Reborn,Yellow,N,C,Soldier,Company,2,1,^Y,TRUE,FALSE,FALSE,FALSE,TRUE,TRUE,FALSE,FALSE,,208,0.108937637346993,"“War paint dons their faces, or is it blood?”",1
209,Full Belly Ceddir,Yellow,N,C,Soldier,Knight,3,1,^Y,TRUE,FALSE,FALSE,FALSE,TRUE,TRUE,FALSE,FALSE,,209,0.198158146914019,“The occult and sacreligious are the norm for these barbarians.”,1
210,Fisherman Yimoti,Yellow,N,C,Soldier,Squire,4,2,^v<>,TRUE,TRUE,TRUE,TRUE,FALSE,FALSE,FALSE,FALSE,"For each animal under your control, gain +1R per turn.",210,0.0740669423730834,“They come for glory from the northern reaches of the globe.”,1
211,Sister Wressa,Yellow,N,C,Soldier,Knight,5,2,^v<>Y,TRUE,TRUE,TRUE,TRUE,TRUE,TRUE,FALSE,FALSE,,211,0.72484747300594,“What really drives them is anyone’s guess.”,1
212,Sister Wrinna,Yellow,N,C,Soldier,Knight,6,2,^v<>Y,TRUE,TRUE,TRUE,TRUE,TRUE,TRUE,FALSE,FALSE,,212,0.442890474818717,"“After battles, they are seen praying to whatever they call gods.”",1
213,Leader of the Maggots,Yellow,N,C,Soldier,Squire,7,3,^v<>,TRUE,TRUE,TRUE,TRUE,FALSE,FALSE,FALSE,FALSE,"When this card enters the Battlefield, roll a d6. If it is a 6, return a Support card from your graveyard to your hand.",213,0.788542288584847,“Chanting around bonfires and throat singing over the dead.”,1
214,Sacrificial Boars,Yellow,N,U,Soldier,Animal,8,3,^X,TRUE,FALSE,FALSE,FALSE,TRUE,TRUE,TRUE,TRUE,,214,0.064053523472086,“Ritualistic sacrifices to their gods. They do not share the same gods as us.”,1
215,Ritual Maiden Ferlindie,Yellow,N,U,Soldier,Arcano,9,3,^v<>Y,TRUE,TRUE,TRUE,TRUE,TRUE,TRUE,FALSE,FALSE,,215,0.903432536213134,“Men do not fare well in Ymra’s band.”,1
216,Ymra’s Chosen Sacrifice,Yellow,N,U,Soldier,Knight,10,4,^v,TRUE,TRUE,FALSE,FALSE,FALSE,FALSE,FALSE,FALSE,"Whenever a card is sacrificed, you may draw a card.",216,0.654089582057766,“Ymra and her fellow barbarians are truly a wonder.”,1
217,Young Fil,Brown,N,C,Soldier,Squire,1,1,^v,TRUE,TRUE,FALSE,FALSE,FALSE,FALSE,FALSE,FALSE,You may pay your opponent 3R to not initiate a Battle with this card.,217,0.724528154737623,“The Vallobranch family do not operate like a traditional Band of mercenaries.”,1
218,"Duray, Pickpocket",Brown,N,C,Soldier,Squire,2,1,^vX,TRUE,TRUE,FALSE,FALSE,TRUE,TRUE,TRUE,TRUE,,218,0.0131189238264792,"“The Vallobranch family do not operate like a traditional Band of mercenaries. They operate as a family, and that serves them well, for the most part.”",1
219,Group of Corrupts,Brown,N,C,Soldier,Company,3,1,^v<>,TRUE,TRUE,TRUE,TRUE,FALSE,FALSE,FALSE,FALSE,,219,0.912666398874288,"“The Vallobranches are headed by triplets, Putyr, Viero, and Shara Vallobranch.”",1
220,Trash Panda,Brown,N,C,Soldier,Animal,4,2,^v<>,TRUE,TRUE,TRUE,TRUE,FALSE,FALSE,FALSE,FALSE,,220,0.0771354141347495,"“Putyr and Viero are the brawn, while Shara is most definitely the brain.”",1
221,Exploding Rats,Brown,N,C,Soldier,Animal,5,2,^Y,TRUE,FALSE,FALSE,FALSE,TRUE,TRUE,FALSE,FALSE,,221,0.892003555795529,“Do they ever stop exploding?”,1
222,Knife Maiden,Brown,N,C,Soldier,Knight,3,1,^v<>,TRUE,TRUE,TRUE,TRUE,FALSE,FALSE,FALSE,FALSE,"Whenever your opponent plays a Support card, they may give you 1R or this card gains +1M.",222,0.32311495777594,“They control the underground and the back alleys of every city and town on the continent.”,1
223,Unseen Terror-Monger,Brown,N,C,Soldier,Arcano,7,3,^v<>,TRUE,TRUE,TRUE,TRUE,FALSE,FALSE,FALSE,FALSE,,223,0.763810624379956,“Calling to their aid every street rat and beggar.”,1
224,Blade Sharpener Ansil,Brown,N,U,Soldier,Knight,8,3,^v<>Y,TRUE,TRUE,TRUE,TRUE,TRUE,TRUE,FALSE,FALSE,"Whenever a Battle is initiated with this card, roll a d6, if it is 5 or 6, your opponent must sacrifice 1 card from the Battlefield or their hand.",224,0.851466368050838,“What makes this group as thick as thieves? Is it the thievery?”,1
225,Grandfather Pine,Brown,N,U,Soldier,Knight,9,3,^v<>X,TRUE,TRUE,TRUE,TRUE,TRUE,TRUE,TRUE,TRUE,,225,0.218930041273592,“Or is it the blood that ties them all together.”,1
226,Unchained Tiger,Brown,N,U,Soldier,Animal,10,4,^v<>X,TRUE,TRUE,TRUE,TRUE,TRUE,TRUE,TRUE,TRUE,,226,0.142989018757033,“One does not want to find themselves alone at night stuck on the wrong branch.”,1
227,Researcher Recruit,Green,N,C,Soldier,Arcano,1,1,^v<>,TRUE,TRUE,TRUE,TRUE,FALSE,FALSE,FALSE,FALSE,,227,0.699133963384235,"“Indric Puratta and his Band of the Brave, or as everyone else likes to call them, the Band of Lies”",1
228,Loyal Hounds,Green,N,C,Soldier,Animal,2,1,^Y,TRUE,FALSE,FALSE,FALSE,TRUE,TRUE,FALSE,FALSE,This card gains +2M for each adjacent card.,228,0.812089241177268,"“They sit at an interesting crossroads. On one hand, they are a supreme military force”",1
229,Researcher Pilio,Green,N,C,Soldier,Arcano,3,1,^v<>,TRUE,TRUE,TRUE,TRUE,FALSE,FALSE,FALSE,FALSE,,229,0.479876480827083,“With brutal savages and knights a plenty.”,1
230,Landshark,Green,N,C,Soldier,Animal,4,2,^Y,TRUE,FALSE,FALSE,FALSE,TRUE,TRUE,FALSE,FALSE,Partner 1 - Partnered card gains +2M.,230,0.090215911346841,"“And on the other hand, their heads are so far up their own ass, that they can see out of their own eyes.”",1
231,Promising Recruit,Green,N,C,Soldier,Squire,5,2,^v<>Y,TRUE,TRUE,TRUE,TRUE,TRUE,TRUE,FALSE,FALSE,"If this card is in a wall with a Knight, it gains +2M.",231,0.10067314578223,“Everyone hates them but themselves”,1
232,The Laughing Knight,Green,N,C,Soldier,Knight,6,2,^v<>X,TRUE,TRUE,TRUE,TRUE,TRUE,TRUE,TRUE,TRUE,,232,0.184283844870566,"“They think they are better than every other military force on the planet, and they’re probably not far off.”",1
233,Hungover Golden Knights,Green,N,C,Soldier,Company,7,3,^Y,TRUE,FALSE,FALSE,FALSE,TRUE,TRUE,FALSE,FALSE,,233,0.219991547090816,“Indric Puratta sits at the helm of this force and it serves his ego immensely.”,1
234,Golden Knight Captain,Green,N,U,Soldier,Knight,8,3,^v<>X,TRUE,TRUE,TRUE,TRUE,TRUE,TRUE,TRUE,TRUE,,234,0.579861221011927,“What lie will they tell themselves next?”,1
235,Golden Knight Leader Lorren,Green,N,U,Soldier,Knight,9,3,^v<>X,TRUE,TRUE,TRUE,TRUE,TRUE,TRUE,TRUE,TRUE,,235,0.343514707765038,“What pointless Battle will Puratta lead them into?”,1
236,Grand Researcher Udolvis,Green,N,U,Soldier,Arcano,10,4,^v<>,TRUE,TRUE,TRUE,TRUE,FALSE,FALSE,FALSE,FALSE,,236,0.387652664865726,“And why are they so full of themselves? Is it baseless or is there a truth beneath their boasting?”,1
237,Wannabe Killer,Purple,N,C,Soldier,Squire,1,1,^v<>,TRUE,TRUE,TRUE,TRUE,FALSE,FALSE,FALSE,FALSE,"When this card enters the Battlefield, if it enters directly behind another card you control, it copies that cards Might.",237,0.594152167191986,“This group works in the shadows to serve the shadows.”,1
238,Ignorant Foresh,Purple,N,C,Soldier,Squire,2,1,^<>,TRUE,FALSE,TRUE,TRUE,FALSE,FALSE,FALSE,FALSE,,238,0.825550233779114,“They care for nothing but stealing what is yours and making it their own.”,1
239,Trained Hawk,Purple,N,C,Soldier,Animal,3,1,^Y,TRUE,FALSE,FALSE,FALSE,TRUE,TRUE,FALSE,FALSE,,239,0.390272795476357,"“Their tactics include infiltrating enemy lines, theft of resources, and killing when all else fails to get what they want.”",1
240,Snake Under the Sheets,Purple,N,C,Soldier,Animal,4,2,^Y,TRUE,FALSE,FALSE,FALSE,TRUE,TRUE,FALSE,FALSE,,240,0.56472377049086,"“Their tactics include infiltrating enemy lines, theft of resources, and killing when all else fails to get what they want.”",1
241,Bounty Collectors,Purple,N,C,Soldier,Company,5,2,^v<>,TRUE,TRUE,TRUE,TRUE,FALSE,FALSE,FALSE,FALSE,Your opponent may pay 3R to avoid a Battle with this card.,241,0.311698092193184,"“Not much is known of her, only that her soldiers are fiercely loyal.”",1
242,Divination Scribe,Purple,N,C,Soldier,Arcano,6,2,^Y,TRUE,FALSE,FALSE,FALSE,TRUE,TRUE,FALSE,FALSE,,242,0.798602445871885,“She is known to turn even the common street rat into a cunning infiltrator.”,1
243,"Blinded Jalio, the One Who Takes",Purple,N,C,Soldier,Arcano,7,3,^v<>X,TRUE,TRUE,TRUE,TRUE,TRUE,TRUE,TRUE,TRUE,,243,0.917137525400839,“What force binds these seemingly separate individuals into a group as tight as teeth?”,1
244,Getaway Steeds,Purple,N,U,Soldier,Animal,8,3,^Y,TRUE,FALSE,FALSE,FALSE,TRUE,TRUE,FALSE,FALSE,,244,0.915450056855803,“Will Violetta ever come out of the shadows?”,1
245,"Greselia, Worldhopper",Purple,N,U,Soldier,Knight/Arcano,9,3,^v<>X,TRUE,TRUE,TRUE,TRUE,TRUE,TRUE,TRUE,TRUE,,245,0.441428741282121,“And what other things lurk behind the eyes of every street rat?”,1
246,Master Assassin,Purple,N,U,Soldier,Knight,10,4,^v<>X,TRUE,TRUE,TRUE,TRUE,TRUE,TRUE,TRUE,TRUE,"When this card enters the Battlefield, you may discard your whole hand to sacrifice one card your opponent controls.",246,0.142384747600498,“Keep your eyes out.”,1
247,Misplaced Treasure,Blue,N,R,Support,,,10,,FALSE,FALSE,FALSE,FALSE,FALSE,FALSE,FALSE,FALSE,Target opponent loses half their Rations rounded up.,247,0.638914625595173,,1
248,Regroup,Blue,N,C,Support,,,3,,FALSE,FALSE,FALSE,FALSE,FALSE,FALSE,FALSE,FALSE,3 cards you control give ground and you draw a card.,248,0.328567847801703,,1
249,Supply Line Cutoff,Blue,N,U,Support,,,7,,FALSE,FALSE,FALSE,FALSE,FALSE,FALSE,FALSE,FALSE,Target opponent cannot gain Rations for 2 turns in anything besides a Battle.,249,0.480258299806491,,1
250,Azure’s Backup,Blue,N,C,Support,,,2,,FALSE,FALSE,FALSE,FALSE,FALSE,FALSE,FALSE,FALSE,"Draw a card, then you may discard a card to draw another. ",250,0.04480056680732,,1
251,Commander’s Decree,Blue,N,U,Arms,,,5,,FALSE,FALSE,FALSE,FALSE,FALSE,FALSE,FALSE,FALSE,"Partner 2 - Partnered card gains +3M, all cards you control generate +3R when they win a Battle.",251,0.0354807148793852,,1
252,Banner of Unity,Blue,N,R,Arms,,,7,,FALSE,FALSE,FALSE,FALSE,FALSE,FALSE,FALSE,FALSE,"Partner 3 - All players generate an extra Ration at the start of their turn, you generate +2R instead.",252,0.725856253406111,,1
253,Lead Astray,Blue,N,U,Support,,,5,,FALSE,FALSE,FALSE,FALSE,FALSE,FALSE,FALSE,FALSE,Target card is removed from a wall and placed on any open space on the Battlefield. ,253,0.606873965479035,,1
254,Bribe the Guards,Blue,N,C,Support,,,4,,FALSE,FALSE,FALSE,FALSE,FALSE,FALSE,FALSE,FALSE,Target opponent’s Wall cannot attack this turn but gains +2R for its controller.,254,0.120369690824195,,1
255,Split Open,Red,N,C,Support,,,3,,FALSE,FALSE,FALSE,FALSE,FALSE,FALSE,FALSE,FALSE,Target wall loses -3M until the end of turn.,255,0.0335883055169043,,1
256,Breaker’s Focus,Red,N,C,Support,,,4,,FALSE,FALSE,FALSE,FALSE,FALSE,FALSE,FALSE,FALSE,"Target Soldier gains +4M and must attack this turn, if it does not attack, sacrifice it.",256,0.234845663612248,,1
257,Bloody Scream,Red,N,U,Support,,,5,,FALSE,FALSE,FALSE,FALSE,FALSE,FALSE,FALSE,FALSE,Opponent loses Rations equal to target card in their graveyard. ,257,0.774936279112231,,1
258,Vodd’s Visions,Red,N,R,Support,,,8,,FALSE,FALSE,FALSE,FALSE,FALSE,FALSE,FALSE,FALSE,"All Walls disband, all cards must give ground. ",258,0.614479800970327,,1
259,Archer’s Greaves,Red,N,C,Arms,,,3,,FALSE,FALSE,FALSE,FALSE,FALSE,FALSE,FALSE,FALSE,Partner 1 - Partnered card gains +3M. Ranged attacks get +5 to hit roll.,259,0.244330022179202,,1
260,Banner of War,Red,N,U,Arms,,,7,,FALSE,FALSE,FALSE,FALSE,FALSE,FALSE,FALSE,FALSE,"Partner 1 - All cards gain +1M, cards you control gain +2 instead.",260,0.256634563422267,,1
261,Chain of the Gravetender,Red,N,R,Arms,,,7,,FALSE,FALSE,FALSE,FALSE,FALSE,FALSE,FALSE,FALSE,"Partner 3 - If partnered card would lose a Battle, return target card from your graveyard to your hand.",261,0.962618602424874,,1
262,Fire Arrows,Red,N,C,Arms,,,3,,FALSE,FALSE,FALSE,FALSE,FALSE,FALSE,FALSE,FALSE,Partner 1 - Partnered card gains the ability to perform a Ranged attack up to 3 spaces away.,262,0.945594384719866,,1
263,See it in the Bones,Yellow,N,C,Support,,,2,,FALSE,FALSE,FALSE,FALSE,FALSE,FALSE,FALSE,FALSE,Look at the top 3 cards of your deck. Put one in your hand and the rest in your graveyard.,263,0.379999642481801,,1
264,Stigmata,Yellow,N,U,Support,,,4,,FALSE,FALSE,FALSE,FALSE,FALSE,FALSE,FALSE,FALSE,Sacrifice a Soldier you control. Target Opponent loses Rations equal to its Might value. ,264,0.506642143269837,,1
265,Ymra’s Prayers,Yellow,N,U,Support,,,6,,FALSE,FALSE,FALSE,FALSE,FALSE,FALSE,FALSE,FALSE,"Return up to 2 Soldier cards from your graveyard to your hand, then discard a card.",265,0.568518711562603,,1
266,Unseen Forces,Yellow,N,R,Support,,,8,,FALSE,FALSE,FALSE,FALSE,FALSE,FALSE,FALSE,FALSE,"Target opponent discards their hand, then draws cards equal to the number of cards in your graveyard. ",266,0.953780292351903,,1
267,Staff of the Beast,Yellow,N,C,Arms,,,3,,FALSE,FALSE,FALSE,FALSE,FALSE,FALSE,FALSE,FALSE,"Partner 1 - Partnered card gains +2M, all Animal cards you control gain +1M.",267,0.45959016572227,,1
268,Beastly Leather Gown.,Yellow,N,U,Arms,,,6,,FALSE,FALSE,FALSE,FALSE,FALSE,FALSE,FALSE,FALSE,"Partner 2 - Partnered card gains +2M. Every time you discard a card, gain +2R instead of 1.",268,0.804441675546844,,1
269,Speak with Animals,Yellow,N,C,Support,,,4,,FALSE,FALSE,FALSE,FALSE,FALSE,FALSE,FALSE,FALSE,"If you control 2 or more Animal cards, all Animals gain +2M and cannot give ground this turn.",269,0.58491419246722,,1
270,Call of Beasts,Yellow,N,U,Support,,,5,,FALSE,FALSE,FALSE,FALSE,FALSE,FALSE,FALSE,FALSE,Play up to 3 Animal cards from your hand for free.,270,0.176984011076453,,1
271,Pickpocket,Brown,N,C,Support,,,2,,FALSE,FALSE,FALSE,FALSE,FALSE,FALSE,FALSE,FALSE,"Choose one card in your opponents hand at random, that player discards that card, if it was 4R or more, gain +3R.",271,0.079813664998487,,1
272,Extortion,Brown,N,C,Support,,,3,,FALSE,FALSE,FALSE,FALSE,FALSE,FALSE,FALSE,FALSE,Target opponent gives you 5R or discards 2 cards.,272,0.106847336027771,,1
273,Burn the Tents,Brown,N,U,Support,,,5,,FALSE,FALSE,FALSE,FALSE,FALSE,FALSE,FALSE,FALSE,Target opponent’s Encampment generates no rations at the start of their next turn and they must move it one space in any direction. ,273,0.722394118783102,,1
274,Keep the Family Close,Brown,N,R,Support,,,7,,FALSE,FALSE,FALSE,FALSE,FALSE,FALSE,FALSE,FALSE,"Search your library for any 2 cards, shuffle your deck and place those cards on top in any order.",274,0.320517087550922,,1
275,Spyglass,Brown,N,U,Arms,,,4,,FALSE,FALSE,FALSE,FALSE,FALSE,FALSE,FALSE,FALSE,"Partner 2 - Partnered card cannot move. Whenever an opponent plays a Support card, gain +1R.",275,0.206214428139142,,1
276,Viero’s Family Ring,Brown,N,R,Arms,,,6,,FALSE,FALSE,FALSE,FALSE,FALSE,FALSE,FALSE,FALSE,Partner 2 - Partnered card gains +3M. All Support cards target opponent plays cost +2R extra.,276,0.266628963409463,,1
277,Turn the Other Way,Brown,N,C,Support,,,3,,FALSE,FALSE,FALSE,FALSE,FALSE,FALSE,FALSE,FALSE,Target card cannot be part of a wall until your next turn and loses -1M.,277,0.0216152457963418,,1
278,Quick Grab,Brown,N,U,Support,,,5,,FALSE,FALSE,FALSE,FALSE,FALSE,FALSE,FALSE,FALSE,Place all Un-partnered Arms cards on the Battlefield into your hand. ,278,0.967547120101582,,1
279,Steady!,Green,N,C,Support,,,3,,FALSE,FALSE,FALSE,FALSE,FALSE,FALSE,FALSE,FALSE,Target wall gains +1M for each card in it and cannot give ground until your next turn.,279,0.668373898457209,,1
280,Proud Soldiers,Green,N,C,Support,,,4,,FALSE,FALSE,FALSE,FALSE,FALSE,FALSE,FALSE,FALSE,All walls you control gain +2M.,280,0.895270689615116,,1
281,Place the Order,Green,N,C,Support,,,2,,FALSE,FALSE,FALSE,FALSE,FALSE,FALSE,FALSE,FALSE,"Search your deck for an Arms card, place it on top of your deck, then shuffle.",281,0.189983929715902,,1
282,"Not Today, Soldier!",Green,N,U,Support,,,5,,FALSE,FALSE,FALSE,FALSE,FALSE,FALSE,FALSE,FALSE,Return target soldier card from your graveyard to your hand. ,282,0.716150506505344,,1
283,High Morale,Green,N,R,Support,,,8,,FALSE,FALSE,FALSE,FALSE,FALSE,FALSE,FALSE,FALSE,Draw 2 cards. Gain 2 Actions.,283,0.615742958780978,,1
284,Commander Hew’s Helm of Command,Green,N,U,Arms,,,4,,FALSE,FALSE,FALSE,FALSE,FALSE,FALSE,FALSE,FALSE,Partner 1 - Partnered card gains +3M. All Knights you control gain +1M.,284,0.443854809201729,,1
285,Banner of Pride,Green,N,U,Arms,,,6,,FALSE,FALSE,FALSE,FALSE,FALSE,FALSE,FALSE,FALSE,Partner 3 - Partnered card gains +4M. All walls you control gain +2M.,285,0.116297959937892,,1
286,The Knights Creed,Green,N,C,Support,,,3,,FALSE,FALSE,FALSE,FALSE,FALSE,FALSE,FALSE,FALSE,"If you control 2 or more Knights, all Knight cards gain +1M and cannot give ground this turn.",286,0.251817319308361,,1
287,Chivalry,Green,N,U,Support,,,4,,FALSE,FALSE,FALSE,FALSE,FALSE,FALSE,FALSE,FALSE,All Knight cards you control can partner for 1 less Action this turn.,287,0.750231922855579,,1
288,Journey to the Otherside,Purple,N,C,Support,,,4,,FALSE,FALSE,FALSE,FALSE,FALSE,FALSE,FALSE,FALSE,"Choose a card from your opponents hand at random, place that card into your graveyard. ",288,0.192758895363766,,1
289,More Than Enough,Purple,N,U,Support,,,5,,FALSE,FALSE,FALSE,FALSE,FALSE,FALSE,FALSE,FALSE,"Steal 4R from target opponent, if they do not have 4R, they discard cards equal to the difference.",289,0.170017597633244,,1
290,Violetta’s Gamble,Purple,N,R,Support,,,6,,FALSE,FALSE,FALSE,FALSE,FALSE,FALSE,FALSE,FALSE,"Choose two cards from your opponents hand at random, place one card anywhere on the Battlefield, and the other into their Graveyard. ",290,0.014077920886555,,1
291,Premeditated,Purple,N,U,Support,,,4,,FALSE,FALSE,FALSE,FALSE,FALSE,FALSE,FALSE,FALSE,"Target opponent reveals their hand, choose 1 Soldier card from it, that opponent must play that card next turn or sacrifice it.",291,0.944948779551283,,1
292,Hide,Purple,N,U,Support,,,7,,FALSE,FALSE,FALSE,FALSE,FALSE,FALSE,FALSE,FALSE,Shuffle your hand into your library and draw the same amount of cards as you had before. ,292,0.880282454975481,,1
293,Spotter,Purple,N,C,Soldier,Knight,3,1,^v<>,TRUE,TRUE,TRUE,TRUE,FALSE,FALSE,FALSE,FALSE,Partner 1 - Partnered card gains the ability to use Ranged Attacks. Ranged attacks get +4 to hit.,293,0.250471620308438,,1
294,Utility Belt,Purple,N,C,Arms,,,2,,FALSE,FALSE,FALSE,FALSE,FALSE,FALSE,FALSE,FALSE,"Partner 1 - Each time the partnered card moves, gain +1R for each space moved.",294,0.983914915494171,,1
295,Banner of Death,Purple,N,U,Arms,,,6,,FALSE,FALSE,FALSE,FALSE,FALSE,FALSE,FALSE,FALSE,Partner 2 - Partnered card gains +2M. Each Company card you control gains +3M each time a Company card wins a Battle,295,0.251904629621166,,1
296,Prepare to Strike,Purple,N,U,Support,,,6,,FALSE,FALSE,FALSE,FALSE,FALSE,FALSE,FALSE,FALSE,"Play up to 2 Company cards from your hand, They cannot be attacked until your next turn.",296,0.855342315895134,,1
297,Supplies,Colorless,N,C,Support,,,0,,FALSE,FALSE,FALSE,FALSE,FALSE,FALSE,FALSE,FALSE,Draw a card.,297,0.359809809640675,,1
298,Eat Up,Colorless,N,C,Support,,,0,,FALSE,FALSE,FALSE,FALSE,FALSE,FALSE,FALSE,FALSE,Generate 2 Rations.,298,0.645543965815933,,1
299,Plan,Colorless,N,C,Support,,,0,,FALSE,FALSE,FALSE,FALSE,FALSE,FALSE,FALSE,FALSE,Gain an additional Action next turn. ,299,0.166554545290673,,1
300,Embolden,Colorless,N,C,Support,,,0,,FALSE,FALSE,FALSE,FALSE,FALSE,FALSE,FALSE,FALSE,Target Soldier gains 1 Might.,300,0.201787675733204,,1
301,Give Ground,Colorless,N,C,Support,,,0,,FALSE,FALSE,FALSE,FALSE,FALSE,FALSE,FALSE,FALSE,Target Soldier gives ground.,301,0.0326038454750802,,1
302,Retreat,Colorless,N,C,Support,,,0,,FALSE,FALSE,FALSE,FALSE,FALSE,FALSE,FALSE,FALSE,Return target card to it’s owners hand.,302,0.947032135924653,,1
303,Parley,Colorless,N,C,Support,,,0,,FALSE,FALSE,FALSE,FALSE,FALSE,FALSE,FALSE,FALSE,All players draw 1 card.,303,0.297563809221717,,1
304,Bluff,Colorless,N,C,Support,,,0,,FALSE,FALSE,FALSE,FALSE,FALSE,FALSE,FALSE,FALSE,No effect.,304,0.0317916625014116,,1
305,Stored for Later,Colorless,N,C,Support,,,0,,FALSE,FALSE,FALSE,FALSE,FALSE,FALSE,FALSE,FALSE,The next card you play costs 2 less Rations.,305,0.283537083199039,,1
306,Pay Up,Colorless,N,C,Support,,,0,,FALSE,FALSE,FALSE,FALSE,FALSE,FALSE,FALSE,FALSE,Target Soldier must pay 1 additional Ration when in a Battle.,306,0.690714074103265,,1
307,Marching On,Colorless,N,C,Support,,,0,,FALSE,FALSE,FALSE,FALSE,FALSE,FALSE,FALSE,FALSE,Target Soldier gains 1 free movement.,307,0.685817883055977,,1
308,Directionless,Colorless,N,C,Support,,,0,,FALSE,FALSE,FALSE,FALSE,FALSE,FALSE,FALSE,FALSE,Target Soldier moves backwards relative to it’s controller.,308,0.374290467321145,,1
309,Ante Up,Colorless,N,C,Support,,,0,,FALSE,FALSE,FALSE,FALSE,FALSE,FALSE,FALSE,FALSE,Both players must add an additional 3 Rations to the Battle pot.,309,0.371435662998261,,1
310,Double Down,Colorless,N,R,Support,,,0,,FALSE,FALSE,FALSE,FALSE,FALSE,FALSE,FALSE,FALSE,"After wagers, pay an additional X Rations, target Soldier gains X Might.",310,0.161430099010777,,1
311,Called It,Colorless,N,U,Support,,,0,,FALSE,FALSE,FALSE,FALSE,FALSE,FALSE,FALSE,FALSE,"Name a Support card your opponent will play during wagers. If you are correct, that card has no effect.",311,0.909274979293875,,1
312,All In,Colorless,N,R,Support,,,0,,FALSE,FALSE,FALSE,FALSE,FALSE,FALSE,FALSE,FALSE,Both players must put in all of their Rations to the Battle pot.,312,0.0107758907655249,,1
313,Intimidation,Colorless,N,R,Support,,,0,,FALSE,FALSE,FALSE,FALSE,FALSE,FALSE,FALSE,FALSE,Target Opponent must add an additional 3 Rations to the Battle pot.,313,0.517275876771852,,1
314,Nothing Left,Colorless,N,R,Support,,,0,,FALSE,FALSE,FALSE,FALSE,FALSE,FALSE,FALSE,FALSE,"Discard your entire hand, add X Rations to the Battle pot where X is equal to double the amount of cards sacrificed. Target Soldier gains X Might.",314,0.51149170613242,,1
315,Paid Off,Colorless,N,C,Support,,,0,,FALSE,FALSE,FALSE,FALSE,FALSE,FALSE,FALSE,FALSE,You may pay target Opponent 6 Rations to concede the Battle if they accept.,315,0.799556623171614,,1
316,The House Always Wins,Colorless,N,C,Support,,,0,,FALSE,FALSE,FALSE,FALSE,FALSE,FALSE,FALSE,FALSE,"After wagers, the winner of the Battle must sacrifice 3 Rations.",316,0.206674895190966,,1
317,Change of the Seasons,Colorless,N,C,Support,,,0,,FALSE,FALSE,FALSE,FALSE,FALSE,FALSE,FALSE,FALSE,Reduce active Environment’s counter by 2,317,0.957133789815092,,1
318,Adaptability,Colorless,N,C,Support,,,0,,FALSE,FALSE,FALSE,FALSE,FALSE,FALSE,FALSE,FALSE,"This turn, you benefit from the Environment regardless of it’s orientation.",318,0.430375078879782,,1
319,Tremors,Colorless,N,U,Support,,,0,,FALSE,FALSE,FALSE,FALSE,FALSE,FALSE,FALSE,FALSE,Take all played Environment cards and all Environment cards in graveyards and shuffle them together then play one from that pile at random and queue the rest.,319,0.714737864618816,,1
320,Prayer of Winds,Colorless,N,U,Support,,,0,,FALSE,FALSE,FALSE,FALSE,FALSE,FALSE,FALSE,FALSE,Return target Environment card from your graveyard to your hand.,320,0.0780009422238317,,1
321,Enough!,Colorless,N,C,Support,,,0,,FALSE,FALSE,FALSE,FALSE,FALSE,FALSE,FALSE,FALSE,End the card reveal phase during a Battle. ,321,0.734388103968598,,1
322,Foggy Hills,Colorless,N,C,Environment,,,0,,FALSE,FALSE,FALSE,FALSE,FALSE,FALSE,FALSE,FALSE,Ranged attacks require a 13 or better to hit. All Movement is decreased by 1.,322,0.231075061687862,,1
323,Draught,Colorless,N,C,Environment,,,0,,FALSE,FALSE,FALSE,FALSE,FALSE,FALSE,FALSE,FALSE,"You do not Generate an initial Ration this turn during your Generation phase, any adjacent cards to your Encampment still generate Rations. ",323,0.942392355360695,,1
324,Thunderstorm,Colorless,N,C,Environment,,,0,,FALSE,FALSE,FALSE,FALSE,FALSE,FALSE,FALSE,FALSE,"At the end of your turn, any cards not adjacent to your Encampment must give ground. ",324,0.392599401456175,,1
325,The Burning Pile,Colorless,N,C,Environment,,,0,,FALSE,FALSE,FALSE,FALSE,FALSE,FALSE,FALSE,FALSE,"At the start of your turn, before you draw a card, place the top card of your library into your graveyard. ",325,0.304314091089325,,1
326,Sunset,Colorless,N,C,Environment,,,0,,FALSE,FALSE,FALSE,FALSE,FALSE,FALSE,FALSE,FALSE,"At the end of your turn, all partnered cards you control gain 1 Might.",326,0.704020998055894,,1
327,Stash House,Purple,N,C,Environment,,,0,,FALSE,FALSE,FALSE,FALSE,FALSE,FALSE,FALSE,FALSE,"At the end of your turn, return 1 Ration to your encampment.",327,0.769152628539369,,1
328,Royal Palace,Green,N,C,Environment,,,0,,FALSE,FALSE,FALSE,FALSE,FALSE,FALSE,FALSE,FALSE,"Any Knights you control gain 1 Might, but must move forward one space at the start of your turn.",328,0.243491059307306,,1
329,Sewers,Brown,N,C,Environment,,,0,,FALSE,FALSE,FALSE,FALSE,FALSE,FALSE,FALSE,FALSE,"All movement is halved, rounded up.",329,0.744714181730942,,1
330,The Bonfire,Yellow,N,C,Environment,,,0,,FALSE,FALSE,FALSE,FALSE,FALSE,FALSE,FALSE,FALSE,"At the end of your turn, you may return one card from your Graveyard to your Deck and then shuffle, if you don’t, return 2 Rations to your Encampment.",330,0.55570729266421,,1
331,Field of Blood,Red,N,C,Environment,,,0,,FALSE,FALSE,FALSE,FALSE,FALSE,FALSE,FALSE,FALSE,"At the end of your turn, if a Battle occurred this turn, return the defeated cards to the Battlefield under your opponents control. (Generals not included)",331,0.577196391187539,,1
332,Under the Stars,Blue,N,C,Environment,,,0,,FALSE,FALSE,FALSE,FALSE,FALSE,FALSE,FALSE,FALSE,"At the beginning of your turn, your Encampment moves to any open adjacent space that your opponent chooses.",332,0.719869190412485,,1
333,All Eyes On You,Purple,N,C,Environment,,,0,,FALSE,FALSE,FALSE,FALSE,FALSE,FALSE,FALSE,FALSE,Target Soldier card gains 1 Free Movement during your General’s Will roll.,333,0.0225434816104738,,1
334,Marshland,Green,N,C,Environment,,,0,,FALSE,FALSE,FALSE,FALSE,FALSE,FALSE,FALSE,FALSE,You cannot make actions until you discard a card.,334,0.674780239449801,,1
335,Parade,Brown,N,C,Environment,,,0,,FALSE,FALSE,FALSE,FALSE,FALSE,FALSE,FALSE,FALSE,"After you win a Battle, draw a card.",335,0.0309675971055332,,1
336,Soulcloud,Yellow,N,C,Environment,,,0,,FALSE,FALSE,FALSE,FALSE,FALSE,FALSE,FALSE,FALSE,"After you lose a Battle, you may return up to 1 Soldier card from your graveyard to your deck, then shuffle.",336,0.282661387218722,,1
337,Bloodlust,Red,N,C,Environment,,,0,,FALSE,FALSE,FALSE,FALSE,FALSE,FALSE,FALSE,FALSE,"If you win 2 Battles in a turn, target opponent must sacrifice a card they control.",337,0.736942179058303,,1
338,The Perfect Moment,Blue,N,C,Environment,,,0,,FALSE,FALSE,FALSE,FALSE,FALSE,FALSE,FALSE,FALSE,"At any time, you may discard 3 cards to negate 1 Action.",338,0.625054479892471,,1
339,Nightfall,Purple,Y,L,Environment,,,0,,FALSE,FALSE,FALSE,FALSE,FALSE,FALSE,FALSE,FALSE,"At the end of your turn, flip every card on the Battlefield upside down. Any card that is face down cannot be moved. At the start of your next turn, flip every card face up again.",339,0.0514538756587422,,1
340,Charge,Green,Y,L,Environment,,,0,,FALSE,FALSE,FALSE,FALSE,FALSE,FALSE,FALSE,FALSE,"At the start of your turn, Partner all unpartnered cards on the Battlefield with any other card you control, then form all cards you control into Walls starting with the lowest Might value card moving next to the next lowest. You gain 3 extra Actions.",340,0.664788863651041,,1
341,Cerberus,Brown,Y,L,Environment,,,0,,FALSE,FALSE,FALSE,FALSE,FALSE,FALSE,FALSE,FALSE,"Place all 3 General cards you control on the Battlefield at the start of your turn, remove 2 of them at the end of your turn.",341,0.837612730010057,,1
342,Quake,Yellow,Y,L,Environment,,,0,,FALSE,FALSE,FALSE,FALSE,FALSE,FALSE,FALSE,FALSE,"At the end of your turn, place the highest Might value card in all Graveyards on any open space on your side of the Battlefield under your control. Sacrifice all adjacent cards when that card enters. ",342,0.781469122474833,,1
343,Sunrise,Red,Y,L,Environment,,,0,,FALSE,FALSE,FALSE,FALSE,FALSE,FALSE,FALSE,FALSE,"If you don’t control a Red General, place 1 of your Red General’s on to the Battlefield at the start of your turn. Then you may search your library for any card and place it into your hand then shuffle. All Red cards you control gain 2 Might.",343,0.710667658238299,,1
344,Starlight,Blue,Y,L,Environment,,,0,,FALSE,FALSE,FALSE,FALSE,FALSE,FALSE,FALSE,FALSE,"Whenever it’s not your turn, all cards you control cannot give ground and cannot be moved. Whenever it’s your turn, during the Wagering phase of a Battle, you may flip up to two cards your opponent plays face down, face up.",344,0.351504530802448,,1
345,Death Forgets,Purple,N,U,Environment,,,0,,FALSE,FALSE,FALSE,FALSE,FALSE,FALSE,FALSE,FALSE,"Whenever a card enters the battlefield from anywhere other than a hand, you draw a card.",345,0.747037391042174,,1
346,Death Forgives,Green,N,U,Environment,,,0,,FALSE,FALSE,FALSE,FALSE,FALSE,FALSE,FALSE,FALSE,"Whenever a card enters a graveyard, you gain 1 Ration.",346,0.638482519535656,,1
347,Death Remembers,Brown,N,U,Environment,,,0,,FALSE,FALSE,FALSE,FALSE,FALSE,FALSE,FALSE,FALSE,"Whenever a card you control enters a graveyard, you may shuffle that card into your deck. ",347,0.500017891000383,,1
348,Death Becomes,Yellow,N,U,Environment,,,0,,FALSE,FALSE,FALSE,FALSE,FALSE,FALSE,FALSE,FALSE,"Whenever a Soldier card enters a graveyard, you may play that card for free at the start of your next turn.  ",348,0.389470169113808,,1
349,Death Indeed,Red,N,U,Environment,,,0,,FALSE,FALSE,FALSE,FALSE,FALSE,FALSE,FALSE,FALSE,"Whenever an opponents card enters a graveyard, choose up to 2 cards in play that must give ground.",349,0.752250570543245,,1
350,Death Enough,Blue,N,U,Environment,,,0,,FALSE,FALSE,FALSE,FALSE,FALSE,FALSE,FALSE,FALSE,"Whenever a Battle is initiated, shuffle the losing card into the owners deck instead of it entering the graveyard.",350,0.748961820502384,,1
351,The Pact,Purple,N,R,Environment,,,0,,FALSE,FALSE,FALSE,FALSE,FALSE,FALSE,FALSE,FALSE,"You may pay 3 Rations to cancel your general’s will roll, or pay 6 Rations to double it’s result.",351,0.265850467941717,,1
352,The Lie,Green,N,R,Environment,,,0,,FALSE,FALSE,FALSE,FALSE,FALSE,FALSE,FALSE,FALSE,"If your opponent folds during the wagering phase, you gain 5 Rations",352,0.563470586794584,,1
353,The Funeral,Brown,N,R,Environment,,,0,,FALSE,FALSE,FALSE,FALSE,FALSE,FALSE,FALSE,FALSE,"Whenever a Soldier card enters a graveyard, if it’s Might was greater than 5, its controller may pay Rations equal to it’s Might to draw half as many cards.",353,0.599453679665363,,1
354,The Ritual,Yellow,N,R,Environment,,,0,,FALSE,FALSE,FALSE,FALSE,FALSE,FALSE,FALSE,FALSE,"At the start of your turn, before your Generation phase, you may discard your hand and sacrifice all cards you control on the Battlefield, if you do, shuffle your Graveyard into your Deck and then draw 7 Cards.",354,0.88145797432201,,1
355,The Influence,Red,N,R,Environment,,,0,,FALSE,FALSE,FALSE,FALSE,FALSE,FALSE,FALSE,FALSE,"If you are on your third General Tier, at the start of your turn before your Generation phase, you may return 1 of your fallen General cards to the Battlefield for 1 turn.",355,0.439021522833349,,1
356,The Core,Blue,N,R,Environment,,,0,,FALSE,FALSE,FALSE,FALSE,FALSE,FALSE,FALSE,FALSE,"At the end of your turn, all unpartnered cards and all cards not in a wall, lose 1 Might.",356,0.0851470136187574,,1
357,Handwraps,Colorless,N,C,Arms,,,1,,FALSE,FALSE,FALSE,FALSE,FALSE,FALSE,FALSE,FALSE,"Partner 0 - When partnered card enters a Battle, Opponents card in the Battle loses 1 Might.",357,0.213264967608256,,1
358,Belt of the Bold,Colorless,N,C,Arms,,,2,,FALSE,FALSE,FALSE,FALSE,FALSE,FALSE,FALSE,FALSE,Partner 1 - Partnered card cannot lose Might.,358,0.520408341361318,,1
359,Slingshot,Colorless,N,C,Arms,,,1,,FALSE,FALSE,FALSE,FALSE,FALSE,FALSE,FALSE,FALSE,Partner 1 - Partnered card can make an attack from up to 3 spaces away.,359,0.135279114190413,,1
360,A Big Stick,Colorless,N,C,Arms,,,1,,FALSE,FALSE,FALSE,FALSE,FALSE,FALSE,FALSE,FALSE,Partner 0 - Partnered card gains 3 Might but cannot be part of a Wall.,360,0.163979853010916,,1
361,Gravetender’s Shovel,Colorless,N,U,Arms,,,3,,FALSE,FALSE,FALSE,FALSE,FALSE,FALSE,FALSE,FALSE,Partner - Discard a card. - Partnered card can play a support card for free from your graveyard during the Wagering phase.,361,0.84730841956222,,1
362,Chainmail Hood,Colorless,N,U,Arms,,,3,,FALSE,FALSE,FALSE,FALSE,FALSE,FALSE,FALSE,FALSE,Partner 2 - Partnered card is immune to ranged attacks.,362,0.0744774465368429,,1
363,Leather Coat,Colorless,N,U,Arms,,,4,,FALSE,FALSE,FALSE,FALSE,FALSE,FALSE,FALSE,FALSE,Partner - Unpartner another card. - Partnered card generates 2 Rations you may use in the Wagering phase whenever you enter a Battle.,363,0.649987829382437,,1
364,Dragonslayer,Colorless,N,R,Arms,,,5,,FALSE,FALSE,FALSE,FALSE,FALSE,FALSE,FALSE,FALSE,Partner - Sacrifice a card. - Partnered card gains 5 Might and if it loses a Battle it returns to your hand instead of going to the Graveyard.,364,0.082667254659569,,1
365,Endless Knives,Colorless,N,R,Arms,,,3,,FALSE,FALSE,FALSE,FALSE,FALSE,FALSE,FALSE,FALSE,Partner - Pay 3 Rations. - Partnered card gains 1 Might every turn.,365,0.836227109111208,,1
366,Blade of Beginnings,Colorless,N,L,Arms,,,9,,FALSE,FALSE,FALSE,FALSE,FALSE,FALSE,FALSE,FALSE,Partner - Discard your hand. - Partnered card wins each Battle it participates in.,366,0.00349723870823829,,1
367,"Yun-Wa, Advisor",Colorless,N,C,Soldier,Squire,1,1,^v<>,TRUE,TRUE,TRUE,TRUE,FALSE,FALSE,FALSE,FALSE,"Partner - Discard 2 cards - While this card is Partnered, if the Partnered card enters a Battle, you may use 1 card from your Graveyard during Wagering.",367,0.726349157483982,,1
368,Guttermite Drinny,Colorless,N,C,Soldier,Squire,1,1,^v<>Y,TRUE,TRUE,TRUE,TRUE,TRUE,TRUE,FALSE,FALSE,"When this card enters the Battlefield, place any number of Rations aside in a separate Ration pile. You cannot use or lose these Rations until this card leaves the Battlefield.",368,0.663285234019857,,1
369,De’vone Matria,Colorless,N,C,Soldier,Knight,5,2,^Y,TRUE,FALSE,FALSE,FALSE,TRUE,TRUE,FALSE,FALSE,"Whenever this card moves, your opponent must place 1 Ration back in their Encampment.",369,0.0021495228792887,,1
370,Mushroom Feaster,Colorless,N,C,Soldier,Animal/Arcano,2,1,<>Y,FALSE,FALSE,TRUE,TRUE,TRUE,TRUE,FALSE,FALSE,"If a card with “Mushroom” anywhere in it’s name is played while this card is on the Battlefield, it gains 8 Might until the end of the turn.",370,0.178989479871039,,1
371,The Fixer,Colorless,N,U,Soldier,Company,3,1,^v<>,TRUE,TRUE,TRUE,TRUE,FALSE,FALSE,FALSE,FALSE,"If a Battle is initiated while this card is on the Battlefield, you may pay 5 Rations and sacrifice this card, if you do, your opponent can not play support cards during that Battle.",371,0.773955576975727,,1
372,The Timer,Colorless,N,U,Soldier,Company,6,2,^<>Y,TRUE,FALSE,TRUE,TRUE,TRUE,TRUE,FALSE,FALSE,"If this card is used as a Bluff during the wagering phase, cancel 1 of your opponents face down cards.",372,0.253690167695719,,1
373,The Negotiator,Colorless,N,U,Soldier,Company,8,3,v<>X,FALSE,TRUE,TRUE,TRUE,TRUE,TRUE,TRUE,TRUE,"If this card is in a Battle, your opponent may draw up to 5 cards, if they do, you gain all winning Rations regardless of the outcome.",373,0.816389860963248,,1
374,The House,Colorless,N,R,Soldier,Company,10,4,^v<>X,TRUE,TRUE,TRUE,TRUE,TRUE,TRUE,TRUE,TRUE,"If this card is in a Battle, no Rations are given out to the winner or loser.",374,0.780934111272195,,1
375,Diorys Gianpetro,Colorless,N,R,Soldier,,9,3,^v<>Y,TRUE,TRUE,TRUE,TRUE,TRUE,TRUE,FALSE,FALSE,"Shapeshifter - This card is all subtypes. / When this card enters the Battlefield, search your deck for a Partner card and Partner it with this card for free.",375,0.308474834946633,,1
376,Adrias,Colorless,N,L,Soldier,Knight/Arcano,X,X,^v<>X,TRUE,TRUE,TRUE,TRUE,TRUE,TRUE,TRUE,TRUE,This card’s Might is equal to the number of cards you control.,376,0.247905822601532,,1
377,Recco,Red,N,R,General,G1,20,15,^v<>X,TRUE,TRUE,TRUE,TRUE,TRUE,TRUE,TRUE,TRUE,"Roll a d6: 1-5 - Up to 2 target cards an opponent controls give ground. 6 - All cards on your side of the Battlefield gain +2M, gain 2 free movement, and you draw 2 cards.",377,,,1
378,Recco Demonblood,Red,N,R,General,G2,20,15,^v<>X,TRUE,TRUE,TRUE,TRUE,TRUE,TRUE,TRUE,TRUE,"Roll a d6: 1-4 - This card gains +4M. 5 - Search your deck for any card, shuffle, then place it on top of your deck. 6 - gain +3 Actions.",378,,,1
379,"Recco, Plane of Hate",Red,Y,L,General,G3,20,15,^v<>X,TRUE,TRUE,TRUE,TRUE,TRUE,TRUE,TRUE,TRUE,"Roll a d6: 1-3 - All cards on the battlefield, except Red cards, rotate 180 degrees. 4-5 - Disband all walls and unpartner all cards your opponent controls. 6 - All cards except for Generals return to their owners hands.",379,,,1
380,"Ymra, Barbarica",Yellow,Y,R,General,G1,10,4,^v<>X,TRUE,TRUE,TRUE,TRUE,TRUE,TRUE,TRUE,TRUE,"Roll a d6: 1-2 - Choose any number of Allies, they may give ground. 3-4 - All cards you control gain 1M. 5-6 - Opponent must sacrifice 1 card from their hand or the Battlefield.",380,,,1
381,"Ymra, Covered in Blood",Yellow,Y,R,General,G2,10,4,^v<>X,TRUE,TRUE,TRUE,TRUE,TRUE,TRUE,TRUE,TRUE,"Roll a d6: 1-3 - You may move 1 Soldier you control to an empty space on your opponents back line. 4-5 - All Soldiers you control gain M equal to the number of Soldier cards on your opponents back line. 6 - Ymra, Covered in Blood may initiate a battle with your opponents lowest might card, if this card wins, you move this card to the defeated cards space.",381,,,1
382,Golden Ymra,Yellow,Y,L,General,G3,18,7,^v<>X,TRUE,TRUE,TRUE,TRUE,TRUE,TRUE,TRUE,TRUE,"Roll a d6: 1-5 You may sacrifice all soldiers you control, Golden Ymra gains M = # of sacrificed soldiers and you gain that many Rations. 6 - Your opponent cannot move their cards for 2 turns and you gain actions = # of soldiers in your graveyard.",382,,,1
383,Kingkiller Vodd,Red,Y,R,General,G1,13,5,^v<>X,TRUE,TRUE,TRUE,TRUE,TRUE,TRUE,TRUE,TRUE,Roll a d6: 1-2 - This card moves forward until a Battle is initiated or it is stopped. 3-4 - This card gains +1M. 5-6 - This card is moved to any open space adjacent to an enemy General and initiates a battle.,383,,,1
384,"Vodd, Tamed",Red,Y,R,General,G2,10,4,^v<>X,TRUE,TRUE,TRUE,TRUE,TRUE,TRUE,TRUE,TRUE,Roll a d6: 1-3 - Generate 3R. 4-5 - Vodd fights all Soldier cards adjacent to him. 6 - Vodd returns to Kingkiller Vodd.,384,,,1
385,Rampaging Demigod Vodd,Red,Y,L,General,G3,15,6,^v<>X,TRUE,TRUE,TRUE,TRUE,TRUE,TRUE,TRUE,TRUE,"Roll a d6: 1-5 - Rampaging Demigod Vodd gains 2M. 6 - You may sacrifice any number of soldier cards in your hand or on the battlefield, if you do, Rampaging Demigod Vodd gains XM where X is equal to the greatest M of cards sacrificed.",385,,,1
386,"Putyr, Viero, and Shara Vallobranch",Brown,Y,R,General,G1,10,4,^v<>X,TRUE,TRUE,TRUE,TRUE,TRUE,TRUE,TRUE,TRUE,"Roll a D6: 1-2 - Generate 3 Rations. 3-4 - Until your next turn, you are incapable of losing Rations. 5-6 You get another Action Phase before your turn ends.",386,,,1
387,Viero and Shara,Brown,Y,R,General,G2,10,4,^v<>X,TRUE,TRUE,TRUE,TRUE,TRUE,TRUE,TRUE,TRUE,Roll a d6: 1-3 - Steal 5 Rations from an opponent. 4-6 - Gain X Rations where X is equal to the amount of soldier cards you control that don’t have any of your soldier cards adjacent to it.,387,,,1
388,"Shara, The Lone Branch",Brown,Y,L,General,G3,10,4,^v<>X,TRUE,TRUE,TRUE,TRUE,TRUE,TRUE,TRUE,TRUE,"Roll a d6: 1-3 - Until end of turn, create a copy of this card and gain another Action Phase before the end of your turn. 4-5 - You may band or disband any wall for free. - 6 - Shara gains Might equal to the amount of rations you own.",388,,,1
389,Ser Indric,Green,Y,R,General,G1,10,4,^v<>X,TRUE,TRUE,TRUE,TRUE,TRUE,TRUE,TRUE,TRUE,"Roll a d6: 1-3 - Play a Soldier Card from your hand for free, 4-5 - Form a wall for free, 6 - All Soldier cards on your side of the battlefield must Give Ground.",389,,,1
390,Ser Indric’s Victory,Green,Y,R,General,G2,10,4,^v<>X,TRUE,TRUE,TRUE,TRUE,TRUE,TRUE,TRUE,TRUE,"Roll a d6: 1-3 - Play a support card from your hand for free. 4-5 - On your next turn, target 1 wall you control, it can move 3 for free for that turn. 6 - All of your opponents cards must give ground.",390,,,1
391,"Indric Puratta, the World is His",Green,Y,R,General,G3,15,6,^v<>X,TRUE,TRUE,TRUE,TRUE,TRUE,TRUE,TRUE,TRUE,"Roll a d6: 1-3 - Sacrifice 3R. 4-5 - You gain control of target enemy soldier card and place it anywhere adj to this card. 6 - If this card loses a battle to a wall, revert to G2 instead of losing the game.",391,,,1
392,"Violetta, First Meeting",Purple,Y,R,General,G1,10,4,^v<>X,TRUE,TRUE,TRUE,TRUE,TRUE,TRUE,TRUE,TRUE,"Roll a d6: 1-2: Steal 3 Rations from opponent. 3-5: For every card you control on your opponents side of the battlefield, gain 2 Rations. 6: Choose a card from your opponents hand at random, you may play that card this turn.",392,,,1
393,Violetta’s Mistakes,Purple,Y,R,General,G2,10,4,^v<>X,TRUE,TRUE,TRUE,TRUE,TRUE,TRUE,TRUE,TRUE,"Roll a d6: 1-3: You may search your library for an Arms card, place that card into your hand and then shuffle. 4-5: Draw a card. 6: Generate 3 Rations for each partnered Arms card you control.",393,,,1
394,Violetta Shadowhunt,Purple,Y,L,General,G3,13,5,^v<>X,TRUE,TRUE,TRUE,TRUE,TRUE,TRUE,TRUE,TRUE,"Roll a d6: 1-3: Search your library for “Violetta’s Straight Sword, Oathtaker”, then partner it with this card and shuffle, if you can’t, your opponent must sacrifice a card they control. 4-5: If this card is not Partnered, Return this card to G2, 6: Your opponent gives you all their rations or they advance a General tier.",394,,,1
395,General Azure,Blue,Y,R,General,G1,10,4,^v<>X,TRUE,TRUE,TRUE,TRUE,TRUE,TRUE,TRUE,TRUE,"Roll a d6: 1-2 - Play a Soldier card from your hand for free. 3-4 - Tap any number of Soldier cards to form a wall for free. 5-6 - Target any number of Soldiers you control, they may give ground.",395,,,1
396,"General Azure, Star Seeker",Blue,Y,R,General,G2,12,5,^v<>X,TRUE,TRUE,TRUE,TRUE,TRUE,TRUE,TRUE,TRUE,"Roll a d6: 1-3 - Target Soldier gains 2M. 4-5: Return Soldier card from your graveyard to your hand. 6 - Search your Library for a card named “Azure’s Razor, Opus Dei” and Place that card into your hand.",396,,,1
397,"General Azure, Stars Aligned",Blue,Y,L,General,G3,14,6,^v<>X,TRUE,TRUE,TRUE,TRUE,TRUE,TRUE,TRUE,TRUE,"Roll a d6: 1-2 - All Soldiers you control gain +2M. 3-4 - For each Soldier you control, your opponent must pay 2R. 5-6 - All cards your opponent controls must give ground and you gain +5R.",397,,,1
398,Ymra’s Axe Alt Foil,Yellow,Y,UR,Arms,,,7,,FALSE,FALSE,FALSE,FALSE,FALSE,FALSE,FALSE,FALSE,Partner 2 - Partnered card gains +5M.,398,,,1
399,Vodd’s Swords Alt Foil,Red,Y,UR,Arms,,,7,,FALSE,FALSE,FALSE,FALSE,FALSE,FALSE,FALSE,FALSE,"Partner 2 - When this card is partnered, at the end of your turn you may move one of your opponents cards in any direction.",399,,,1
400,Vallobranch Blade Alt Foil,Brown,Y,UR,Arms,,,7,,FALSE,FALSE,FALSE,FALSE,FALSE,FALSE,FALSE,FALSE,Partner 2 - Partnered card gets +2 Might. You may sacrifice this card at any time to gain +10R instead for one turn.,400,,,1
401,Indric’s Broadsword Alt Foil,Green,Y,UR,Arms,,,7,,FALSE,FALSE,FALSE,FALSE,FALSE,FALSE,FALSE,FALSE,"Partner 2 - For each turn this card is partnered, if you have more than 7 cards in your hand, you may move these partnered cards to any spot on the battlefield for free, then discard a card.",401,,,1
402,Azure’s Razor Alt Foil,Blue,Y,UR,Arms,,,7,,FALSE,FALSE,FALSE,FALSE,FALSE,FALSE,FALSE,FALSE,"Partner 2 - If this card is partnered and then joins a Wall, That wall gains +10M.",402,,,1
403,Violetta’s Sword Alt Foil,Purple,Y,UR,Arms,,,7,,FALSE,FALSE,FALSE,FALSE,FALSE,FALSE,FALSE,FALSE,"Partner 2 - Whenever this card is partnered and wins a Battle, take control of losing opponents card rather than sending that card to the graveyard.",403,,,1